ds,PCR_TESTS,CONFIRMED.sk,ACTIVE.sk,OCCUPIED_BEDS_CALCULATED,unique_id,var_PCR_TESTS_14,ar1_PCR_TESTS_14,var_CONFIRMED.sk_14,ar1_CONFIRMED.sk_14,var_ACTIVE.sk_14,ar1_ACTIVE.sk_14,var_OCCUPIED_BEDS_CALCULATED_14,ar1_OCCUPIED_BEDS_CALCULATED_14
2020-03-02,0.0,0.0,0.0,,SPb,,,,,,,,
2020-03-03,0.0,0.0,0.0,,SPb,0.0,,0.0,,0.0,,,
2020-03-04,0.0,0.0,0.0,,SPb,0.0,0.0,0.0,0.0,0.0,0.0,,
2020-03-05,0.0,1.0,1.0,,SPb,0.0,0.0,0.25,0.0,0.25,0.0,,
2020-03-06,0.0,0.0,1.0,,SPb,0.0,0.0,0.2,-0.33333332888888895,0.3,0.6666666577777779,,
2020-03-07,0.0,1.0,2.0,,SPb,0.0,0.0,0.2666666666666667,-0.49999999375,0.6666666666666666,1.1666666569444446,,
2020-03-08,0.0,0.0,2.0,,SPb,0.0,0.0,0.23809523809523814,-0.4999999962500001,0.8095238095238094,0.8999999972999999,,
2020-03-09,0.0,0.0,2.0,,SPb,0.0,0.0,0.21428571428571433,-0.39999999720000007,0.8571428571428571,0.8529411747145332,,
2020-03-10,0.0,0.0,2.0,,SPb,0.0,0.0,0.19444444444444448,-0.33333333111111113,0.8611111111111112,0.8333333319444445,,
2020-03-11,0.0,0.0,2.0,,SPb,0.0,0.0,0.1777777777777778,-0.28571428387755105,0.8444444444444446,0.8225806439672216,,
2020-03-12,0.0,0.0,2.0,,SPb,0.0,0.0,0.16363636363636366,-0.24999999843749987,0.8181818181818181,0.8157894726108033,,
2020-03-13,0.0,3.0,5.0,,SPb,0.0,0.0,0.8106060606060607,-0.5555555521604941,1.9015151515151516,1.0777777764604934,,
2020-03-14,0.0,1.0,6.0,,SPb,0.0,0.0,0.7692307692307693,0.056074766292252595,3.243589743589743,1.1195219118153683,,
2020-03-15,0.0,0.0,6.0,,SPb,0.0,0.0,0.7252747252747253,0.02499999997291668,4.181318681318681,1.0118577072499182,,
2020-03-16,0.0,3.0,7.0,,SPb,0.0,0.0,1.1703296703296704,-0.12499999986458328,5.296703296703297,1.0266457678158871,,
2020-03-17,0.0,0.0,7.0,,SPb,0.0,0.0,1.1703296703296704,-0.218749999851888,5.873626373626374,0.9595959594384503,,
2020-03-18,0.0,0.0,7.0,,SPb,0.0,0.0,1.1703296703296704,-0.17187499988362634,5.912087912087912,0.9575471696645271,,
2020-03-19,0.0,1.0,8.0,,SPb,0.0,0.0,1.1703296703296704,-0.16836734682710328,6.489010989010989,0.964285714145807,,
2020-03-20,0.0,4.0,12.0,,SPb,0.0,0.0,1.9175824175824174,-0.08854166660671657,9.692307692307692,1.155462184716166,,
2020-03-21,0.0,2.0,14.0,,SPb,0.0,0.0,1.9999999999999998,0.0833333332998971,14.43956043956044,1.148148148049432,,
2020-03-22,0.0,0.0,14.0,,SPb,0.0,0.0,1.9999999999999998,-0.0030864197518479944,17.604395604395606,1.0358422938464786,,
2020-03-23,0.0,0.0,14.0,,SPb,0.0,0.0,1.9999999999999998,-0.00308641975184803,19.18681318681319,0.9759759759283497,,
2020-03-24,0.0,5.0,19.0,,SPb,0.0,0.0,3.016483516483516,-0.21913580238121086,25.258241758241756,1.0648148147655179,,
2020-03-25,0.0,0.0,19.0,,SPb,0.0,0.0,3.016483516483516,-0.3429752065194488,28.15384615384615,0.9704746136517216,,
2020-03-26,0.0,5.0,21.0,,SPb,0.0,0.0,3.758241758241758,-0.42148760319257567,30.55494505494505,1.040911444812191,,
2020-03-27,0.0,0.0,21.0,,SPb,0.0,0.0,3.8076923076923075,-0.43137254892797644,33.192307692307686,0.9980426272010121,,
2020-03-28,0.0,11.0,32.0,,SPb,0.0,0.0,10.181318681318682,-0.7249999998527343,55.47802197802197,1.1813471502284625,,
2020-03-29,2263.0,5.0,36.0,,SPb,365797.7857142857,0.0,10.263736263736265,-0.09200968522278376,81.1923076923077,1.1470588235116554,,
2020-03-30,2263.0,8.0,44.0,,SPb,675318.989010989,0.9166666666666645,12.37912087912088,0.021939953808976783,124.9010989010989,1.1883127307630055,,
2020-03-31,3241.0,48.0,89.0,,SPb,1264415.2582417582,1.1251757522194983,155.32417582417582,1.3864097362169203,452.0,1.7861793740688827,,
2020-04-01,0.0,27.0,116.0,,SPb,1264415.2582417582,0.48522908597316977,180.98901098901098,0.5059959507839208,998.7967032967033,1.4241774759201533,,
2020-04-02,0.0,22.0,138.0,,SPb,1264415.2582417582,0.4852290859731697,188.95054945054943,0.5229191797323421,1710.2252747252749,1.2712676970700563,,
2020-04-03,0.0,9.0,147.0,,SPb,1264415.2582417582,0.48522908597316977,186.28571428571425,0.46882151029554586,2387.4505494505497,1.1424730793718936,,
2020-04-04,0.0,15.0,162.0,,SPb,1264415.2582417582,0.4852290859731697,182.07142857142856,0.43941873404277265,3093.2967032967035,1.1035050030499485,,
2020-04-05,0.0,20.0,182.0,,SPb,1264415.2582417582,0.4852290859731698,176.57692307692304,0.40961657602900625,3861.2967032967035,1.0872367513656869,,
2020-04-06,0.0,35.0,192.0,,SPb,1264415.2582417582,0.48522908597316977,196.7692307692307,0.44301005279317307,4473.538461538462,1.053438882591458,,
2020-04-07,6957.0,69.0,261.0,,SPb,4127755.9120879127,0.2271540432314014,390.8791208791208,0.7330633515384162,6124.989010989011,1.1326747597250548,,
2020-04-08,3279.0,34.0,295.0,,SPb,4365195.148351649,0.28353692711624523,371.076923076923,0.4447904309994428,7944.7692307692305,1.1091930499777731,,
2020-04-09,8811.0,44.0,326.0,,SPb,8167335.296703298,0.4916712770084806,377.7197802197801,0.41465243923134515,9756.335164835164,1.077505987572529,,
2020-04-10,6736.0,35.0,361.0,,SPb,9423488.263736265,0.5312697251335654,331.7582417582416,0.375674403446268,11486.225274725273,1.067356480898968,,
2020-04-11,7554.0,80.0,410.0,,SPb,10714392.153846154,0.6374943981306939,498.95054945054926,0.37639912900544503,13662.840659340656,1.0661311130753885,,
2020-04-12,5589.0,69.0,479.0,,SPb,11160185.802197803,0.6160428648228196,523.5659340659339,0.4095789274406625,16702.989010989004,1.086734840713586,,
2020-04-13,1821.0,121.0,596.0,,SPb,11236059.23076923,0.5698555978661406,935.208791208791,0.8571187013850912,22781.054945054933,1.1940132205664344,,
2020-04-14,4703.0,121.0,717.0,,SPb,11411001.186813187,0.5507473111896107,1351.1483516483515,0.9025406555542497,33643.384615384595,1.2233937756490236,,
2020-04-15,3844.0,130.0,829.0,,SPb,10546565.846153848,0.5010319757928654,1743.3406593406592,0.9196439889171197,48346.071428571406,1.1993876018345975,,
2020-04-16,7900.0,154.0,966.0,,SPb,10725053.758241761,0.4401790336048923,2268.4395604395604,0.9492153097608989,68536.53296703294,1.184238360251239,,
2020-04-17,9413.0,424.0,1369.0,,SPb,11137829.324175827,0.4336477109428717,10876.26923076923,1.772699716494314,123298.24725274724,1.3322681281570612,,
2020-04-18,8763.0,139.0,1406.0,,SPb,10208806.879120883,0.34901509551894083,10419.785714285714,0.37440705335743396,167166.33516483515,1.1324467175164328,,
2020-04-19,9222.0,114.0,1513.0,,SPb,8645424.52747253,0.18292903535919153,9816.532967032968,0.33888164866520704,208273.75824175825,1.0841653507869,,
2020-04-20,4768.0,86.0,1597.0,,SPb,5837020.131868134,0.22955053235603776,9397.604395604396,0.3242587734494609,240704.55494505493,1.0557272247954494,,
2020-04-21,7209.0,127.0,1682.0,,SPb,5863815.208791211,0.22904308922010228,9221.054945054946,0.2900893914141885,268273.5164835165,1.029298632865641,,
2020-04-22,7471.0,294.0,1926.0,,SPb,5105662.0659340685,0.3813214134791974,10615.340659340658,0.2432107028927226,307444.4010989011,1.0436510027084547,,
2020-04-23,8196.0,191.0,2073.0,,SPb,4932972.093406596,0.42488481006200424,10023.302197802197,0.1766926797822477,340896.5714285715,1.0259971436638124,,
2020-04-24,8778.0,253.0,2280.0,,SPb,5255832.4890109915,0.4580991169400355,9596.884615384613,0.14037423076769268,374711.03846153856,1.0231383098040308,,
2020-04-25,9335.0,215.0,2443.0,,SPb,5688390.417582421,0.5253893199350229,9143.670329670327,0.0910139232937481,399542.68131868145,1.0088095250976639,,
2020-04-26,8410.0,151.0,2561.0,,SPb,5675075.917582421,0.4336145935783199,8297.538461538461,0.025227434538404415,407847.80219780246,0.9928901492315741,,
2020-04-27,5821.0,161.0,2722.0,,SPb,3550284.708791211,0.31122389433352043,8048.747252747251,-0.005275756344427094,412637.14285714325,0.9876986877302508,,
2020-04-28,5000.0,198.0,2865.0,,SPb,3432592.7472527483,0.1882963254218203,7739.4780219780205,-0.046399626531560344,410654.373626374,0.9746028495749868,,
2020-04-29,10863.0,290.0,2989.0,,SPb,3070805.7197802207,-0.02052813931165665,8131.565934065932,-0.06812458045502968,396744.92307692353,0.9614506661585644,,
2020-04-30,12213.0,336.0,3254.0,,SPb,4373497.604395605,0.29824365195579877,9215.565934065931,0.1525415537078832,396845.49450549495,1.0554462111995282,,
2020-05-01,7362.0,349.0,3599.0,,SPb,4306141.412087913,0.14296306713210902,7180.263736263734,0.6986021632166426,469896.3736263741,1.0728654704585312,,
2020-05-02,7737.0,323.0,3824.0,,SPb,4276804.576923078,0.13148261073876108,7661.494505494504,0.6556463485812605,536085.8021978027,1.0633834285029757,,
2020-05-03,5379.0,295.0,3934.0,,SPb,4625482.923076924,0.21976367818440506,7033.961538461537,0.5465315710325594,578400.0934065941,1.0240834352904191,,
2020-05-04,3104.0,317.0,4112.0,,SPb,5587421.20879121,0.43723584756305406,5603.538461538462,0.48004867941251905,604835.2307692314,1.004361927174773,,
2020-05-05,5241.0,226.0,4067.0,,SPb,5992785.956043958,0.4565745451511546,4430.225274725275,0.6241662042023294,573030.8626373634,0.9739484610966057,,
2020-05-06,4594.0,312.0,4312.0,,SPb,6593999.917582419,0.5087250607439258,4555.631868131868,0.6446829565139967,568416.1813186822,0.9817725409197533,,
2020-05-07,7241.0,306.0,4594.0,,SPb,6525748.901098903,0.44849477738086324,4308.571428571429,0.6896871956328434,578763.3626373635,1.0070639220648463,,
2020-05-08,11324.0,375.0,4920.0,,SPb,7599069.7582417615,0.4243845901952138,5116.989010989012,0.7315241809886089,622976.1098901109,1.030525603491717,,
2020-05-09,12562.0,425.0,5275.0,,SPb,9302695.258241761,0.5708678466106205,6319.296703296704,0.7387681382003759,698101.9120879134,1.045487533984223,,
2020-05-10,9182.0,414.0,5677.0,,SPb,9437642.55494506,0.5287122450061414,5624.225274725275,0.6409611805803909,803566.5274725289,1.0684804069752933,,
2020-05-11,2847.0,307.0,5974.0,,SPb,10923335.302197807,0.4302387390268682,3820.8846153846166,0.37324681217379974,914420.417582419,1.0580651621659447,,
2020-05-12,7572.0,339.0,6208.0,,SPb,10416538.247252753,0.4441738176773666,2605.34065934066,0.39001453110966966,1004185.4780219798,1.0328709622083452,,
2020-05-13,9146.0,435.0,6574.0,,SPb,9780672.769230776,0.3526482873847367,3224.379120879121,0.4340838472200955,1099109.186813189,1.0508947145869798,,
2020-05-14,10613.0,460.0,6977.0,,SPb,8812268.37362638,0.4796552375869765,4247.719780219781,0.6051910762541148,1239499.016483519,1.0788481232232976,,
2020-05-15,11728.0,541.0,7407.0,,SPb,10133727.032967038,0.5535867366696298,6887.192307692308,0.8465294261864226,1452537.7857142887,1.0860998489268923,,
2020-05-16,13827.0,525.0,7822.0,,SPb,12786089.340659343,0.666226252600123,8574.225274725275,0.8164114624740334,1701556.0714285749,1.0738630426879614,,
2020-05-17,8200.0,451.0,8202.0,,SPb,12143846.84065934,0.44926296876790944,8346.225274725275,0.7242043227222654,1934420.0274725317,1.0616463592167196,,
2020-05-18,2792.0,425.0,8588.0,,SPb,12403571.412087914,0.4242766135298476,7998.489010989011,0.6255803122265767,2157777.346153851,1.0304942553253458,,
2020-05-19,13330.0,453.0,8973.0,,SPb,13211004.725274725,0.08925874739232935,5749.6923076923085,0.6509622807867789,2278001.302197809,1.0221709258050953,,
2020-05-20,11351.0,455.0,9216.0,,SPb,11969387.41208791,0.08295234508437113,5010.335164835167,0.5691224458877213,2317933.8736263816,1.0028673351968818,,
2020-05-21,13766.0,408.0,9438.0,,SPb,12834953.758241756,0.16006131620085753,3929.8076923076956,0.5698910997374441,2285729.258241767,0.9881164828604815,,
2020-05-22,14407.0,389.0,9626.0,8038.0,SPb,14201485.038461536,0.23280693985013634,3826.4230769230803,0.6153570613953488,2193574.401098911,0.9751304230603253,,
2020-05-23,14608.0,363.0,9718.0,8038.0,SPb,15277186.401098898,0.3449021002310829,4153.456043956046,0.6480668232642195,2035994.3736263837,0.9612240598578856,0.0,
2020-05-24,10365.0,384.0,9754.0,8038.0,SPb,15184476.901098898,0.26887964373098683,4273.456043956046,0.6205282514208142,1837901.4560439663,0.9351398954402137,0.0,0.0
2020-05-25,3312.0,374.0,9985.0,8038.0,SPb,14664946.708791206,0.22113429749131105,3388.8351648351677,0.5991443136987467,1627676.571428582,0.9145653148759179,0.0,0.0
2020-05-26,11036.0,363.0,10182.0,8038.0,SPb,14037125.258241754,0.12447020909279537,3098.725274725278,0.8160714906786787,1376790.5274725384,0.9019499261277081,0.0,0.0
2020-05-27,12692.0,387.0,9847.0,8038.0,SPb,14138907.148351643,0.12848381865086997,3229.538461538464,0.7853903001954519,1047638.2252747366,0.8423050668588736,0.0,0.0
2020-05-28,14293.0,383.0,9896.0,8038.0,SPb,14966907.148351641,0.16094031789950117,3262.115384615387,0.7113765818607766,756267.4945055065,0.8180507214261213,0.0,0.0
2020-05-29,14648.0,369.0,9924.0,8038.0,SPb,15848201.653846147,0.20224664845699755,2213.104395604398,0.5845167826871766,518521.6318681442,0.7885977681599317,0.0,0.0
2020-05-30,13972.0,365.0,10016.0,8038.0,SPb,15905394.593406588,0.2865602359637472,1191.565934065937,0.7383939976165645,340060.2252747382,0.7545690187710673,0.0,0.0
2020-05-31,10124.0,369.0,10065.0,8038.0,SPb,15240113.450549446,0.12183362663899427,1000.53296703297,0.7634205156736585,208473.05494506808,0.7215465798226812,0.0,0.0
2020-06-01,4663.0,364.0,10352.0,10309.0,SPb,12989845.302197797,0.42872704765079495,955.9560439560471,0.6551067122729833,140045.3626373759,0.7720520663267807,468858.27272727265,0.0
2020-06-02,11352.0,376.0,10458.0,10309.0,SPb,12746486.09340659,0.30908974035088954,604.3791208791247,0.3536762969372788,112018.0274725407,0.8050907181727676,781430.4545454544,0.8999999999999979
2020-06-03,13336.0,380.0,10498.0,10309.0,SPb,12991393.648351643,0.30943580647785907,164.68131868132292,0.13439306358318384,96239.56593407894,0.8414502712171796,991815.5769230766,0.899999999999999
2020-06-04,15311.0,375.0,10485.0,10309.0,SPb,13673782.796703292,0.31547955600289806,83.63186813187272,-0.18856172140256847,86787.80219781506,0.8547216932027787,1133503.516483516,0.8999999999999994
2020-06-05,22397.0,378.0,10455.0,10309.0,SPb,21533308.73076922,0.4944519025265677,67.49450549451024,-0.04105282069661011,80834.48901100171,0.8262791651851252,1275191.4560439559,0.8888888888888885
2020-06-06,22479.0,347.0,10361.0,10309.0,SPb,28761178.835164823,0.7111545699713777,111.80219780220271,-0.03261532208857548,70917.45054946317,0.7539929659153948,1360204.21978022,0.8749999999999993
2020-06-07,18850.0,340.0,10373.0,10309.0,SPb,30652354.79670328,0.6088788583108293,171.75824175824707,0.5488249118641982,59363.91758243011,0.8099150293177044,1388541.807692308,0.857142857142857
2020-06-08,12175.0,326.0,10528.0,10309.0,SPb,22423643.67032965,0.6225745245071109,301.5164835164891,0.9009263128528653,61884.989011001395,0.8852759882563985,1360204.21978022,0.8333333333333333
2020-06-09,18802.0,318.0,10619.0,10309.0,SPb,23076926.41758239,0.5826649056179357,465.93956043956615,1.017977262890281,71242.07142858372,0.8882634907846949,1275191.4560439559,0.7999999999999998
2020-06-10,21585.0,313.0,10463.0,10309.0,SPb,26047628.181318644,0.6423790448294462,579.7857142857202,1.0042164740604425,57602.071428583586,0.778891196413088,1133503.516483516,0.7499999999999991
2020-06-11,20592.0,303.0,10385.0,10309.0,SPb,27920611.604395565,0.6572403832942206,721.324175824182,1.0668296199493263,42714.43956045161,0.6731177976508339,935140.4010989009,0.6666666666666659
2020-06-12,25793.0,274.0,10206.0,10309.0,SPb,34929530.64285709,0.7390549486894131,1112.2857142857208,1.1732066685914,29658.769230781178,0.565384228075749,680102.1098901103,0.49999999999999944
2020-06-13,21042.0,262.0,10175.0,10309.0,SPb,35716709.10439555,0.6447576660366234,1550.884615384622,1.119514416113653,22658.401098912997,0.4646343324373188,368388.64285714366,0.0
2020-06-14,15405.0,256.0,10287.0,10309.0,SPb,32093217.692307632,0.4472609442559461,1915.3406593406664,1.0734988396822842,15168.950549462374,0.6739367741543856,0.0,0.0
2020-06-15,13502.0,252.0,10439.0,10309.0,SPb,20335745.01648345,0.42368049660514406,2215.648351648359,1.0145002606198466,15024.109890121701,0.6280421492208101,0.0,0.0
2020-06-16,20284.0,234.0,10387.0,10309.0,SPb,16838032.70879113,0.2601422648766562,2463.7582417582494,1.0038557243829322,14853.631868143686,0.6049745295975898,0.0,0.0
2020-06-17,18545.0,228.0,9861.0,10309.0,SPb,14491664.417582335,0.1796434555224317,2507.1868131868205,0.9725727434675724,34660.13186814368,0.6164193645397481,0.0,0.0
2020-06-18,23137.0,231.0,9426.0,10309.0,SPb,14359310.41758233,0.24859533067660838,2336.285714285722,0.8931683735128,94214.33516484698,1.2676789958958279,0.0,0.0
2020-06-19,23428.0,228.0,8770.0,10309.0,SPb,14876753.456043867,0.2742590396775386,1915.9560439560523,0.9358889415830162,252483.97802198987,1.5076495843273083,0.0,0.0
2020-06-20,22900.0,232.0,8187.0,10309.0,SPb,15070244.593406506,0.3477651317652703,1665.104395604404,0.8909933275352062,523803.95604396804,1.373919780521164,0.0,0.0
2020-06-21,19974.0,229.0,7892.0,10309.0,SPb,15010536.725274635,0.29638008377555314,1370.527472527481,0.8829393666162483,823991.3241758364,1.19678491085444,0.0,0.0
2020-06-22,11637.0,217.0,7896.0,10309.0,SPb,15662113.846153757,0.3652856718231707,1167.5000000000084,0.8698656516906079,1036315.6318681443,1.068836656925045,0.0,0.0
2020-06-23,16675.0,220.0,7860.0,10309.0,SPb,16298425.763736177,0.3756230035323431,911.192307692316,0.7888374701998135,1165488.3736263858,1.0285391351900304,0.0,0.0
2020-06-24,17513.0,218.0,7397.0,10309.0,SPb,16243699.873626292,0.38082960946193367,613.1428571428655,0.6958369887612227,1356894.3736263858,1.0439724923186435,0.0,0.0
2020-06-25,17364.0,221.0,7010.0,10309.0,SPb,16354409.631868055,0.3496087863287699,320.28571428572275,0.7608252674458461,1568870.3351648473,1.051082654090529,0.0,0.0
2020-06-26,20875.0,223.0,6791.0,10309.0,SPb,13007143.1703296,0.3202748555218326,206.79670329671177,0.7358412322246548,1760504.3736263863,1.0263037172119354,0.0,0.0
2020-06-27,21201.0,224.0,6242.0,10309.0,SPb,13065397.45054938,0.40731435746974054,135.80769230770085,0.6436878551099222,1997889.0164835304,1.021796988153864,0.0,0.0
2020-06-28,15911.0,217.0,5840.0,10309.0,SPb,12823623.978021909,0.25312959972303667,85.45054945055796,0.44725609755654433,2160742.0659340816,0.987858248182471,0.0,0.0
2020-06-29,10975.0,219.0,5793.0,10309.0,SPb,15332393.478021912,0.5347856797811483,34.86263736264575,0.5797814207512981,2061235.9780219952,0.9254748785025623,0.0,0.0
2020-06-30,15857.0,253.0,5761.0,10309.0,SPb,15586264.90109884,0.47163666106000574,88.83516483517329,0.180392156857636,1756377.4945055132,0.9096076854932049,0.0,0.0
2020-07-01,16966.0,262.0,5132.0,10309.0,SPb,15701228.24725269,0.4657362503069954,183.36263736264593,0.9149933065516098,1621808.8626373832,0.9409644146434994,0.0,0.0
2020-07-02,16426.0,258.0,4496.0,10309.0,SPb,13792391.230769185,0.36783838502002936,247.30219780220656,0.8742307443119244,1626034.5769230993,1.0241885247279345,0.0,0.0
2020-07-03,18221.0,263.0,4223.0,10309.0,SPb,11134847.148351612,0.2059598281862046,323.6483516483607,0.9314228207188123,1718098.8351648594,1.047087595291048,0.0,0.0
2020-07-04,19532.0,271.0,4212.0,10309.0,SPb,9054348.423076894,0.13148078680089767,428.8626373626467,0.9874387478949689,1794082.4890110146,1.008252703842298,0.0,0.0
2020-07-05,17036.0,275.0,4197.0,10309.0,SPb,8363046.708791186,0.2886201746722114,535.0164835164932,0.976485148513086,1797107.516483543,0.9571946867344675,0.0,0.0
2020-07-06,11047.0,280.0,4253.0,10309.0,SPb,8862964.73076921,0.37206348302992864,608.747252747263,0.9774505127578456,1636395.1703296984,0.8993549641298174,0.0,0.0
2020-07-07,13857.0,278.0,4298.0,10309.0,SPb,9496736.027472515,0.40688073786705803,642.5274725274835,0.9260746487720655,1335778.0274725568,0.8825242083095711,0.0,0.0
2020-07-08,14737.0,295.0,4353.0,10309.0,SPb,9668878.53296703,0.4161516783794382,719.1043956044074,0.9675812797667656,1063925.4120879425,0.8589436216618779,0.0,0.0
2020-07-09,17801.0,292.0,4427.0,10309.0,SPb,9745384.747252744,0.3537890676263466,731.9780219780345,0.9136929151445394,815574.2197802512,0.8038836920099841,0.0,0.0
2020-07-10,19586.0,300.0,4550.0,10309.0,SPb,8988564.686813187,0.24413730344819756,742.5549450549587,0.9037527883468842,557255.8736264056,0.7993687465830611,0.0,0.0
2020-07-11,18709.0,296.0,4623.0,10309.0,SPb,7579270.225274733,0.3924534959644186,676.8846153846298,0.791437874495666,395578.2637362961,0.7929728033851018,0.0,0.0
2020-07-12,14856.0,293.0,4734.0,10309.0,SPb,7704067.450549462,0.31517370296875913,487.30219780221285,0.645789650797495,293327.9560439887,0.7052093086781508,0.0,0.0
2020-07-13,9621.0,291.0,4850.0,10309.0,SPb,8905660.615384629,0.5412241498030907,249.14835164836703,0.823428229543126,190525.41208794498,0.5212088342944532,0.0,0.0
2020-07-14,13195.0,281.0,4906.0,10309.0,SPb,9477756.593406616,0.493697215130986,192.84065934067482,0.7995704203711583,87291.2087912419,0.5979171526511959,0.0,0.0
2020-07-15,15676.0,264.0,4984.0,10309.0,SPb,9370743.296703322,0.4635403698371137,187.25824175825727,0.7228525710926623,74878.7252747584,1.0813652309879869,0.0,0.0
2020-07-16,14581.0,256.0,5069.0,10309.0,SPb,9417952.994505526,0.44999102515069683,194.68681318682866,0.8317152103515011,97310.73076926376,1.080155351100906,0.0,0.0
2020-07-17,17019.0,244.0,5127.0,10309.0,SPb,9037196.379120914,0.3617374925934675,273.2967032967188,1.072255559472665,110413.76373629646,1.0415654505584313,0.0,0.0
2020-07-18,15719.0,238.0,5177.0,10309.0,SPb,7721061.912087957,0.34600887952644976,395.3241758241915,1.1029164081166702,117386.1538461863,1.0008813432057997,0.0,0.0
2020-07-19,13272.0,202.0,5252.0,10309.0,SPb,7696327.05494511,0.4266783065259375,802.4395604395763,1.3288377390131758,118168.70879124095,0.9927804046029233,0.0,0.0
2020-07-20,8646.0,195.0,5309.0,10309.0,SPb,9559727.324175885,0.5831847475085239,1215.763736263752,1.1662956036441978,115882.64285717465,0.9718498339289855,0.0,0.0
2020-07-21,14391.0,189.0,5378.0,10309.0,SPb,9502184.423076984,0.41799669842078463,1618.2197802197954,1.089211291970681,110340.22527475675,0.9562268865676193,0.0,0.0
2020-07-22,14962.0,186.0,5441.0,10309.0,SPb,9502113.956044015,0.4196189929833273,1875.1483516483663,1.0431559707549538,101672.0934066245,0.9435602314862435,0.0,0.0
2020-07-23,18348.0,184.0,5505.0,10309.0,SPb,9771018.554945113,0.3271354615952431,2042.4890109890252,0.989674614495861,91697.63186816257,0.9586269014679654,0.0,0.0
2020-07-24,17016.0,181.0,5566.0,10309.0,SPb,8389488.22527479,0.24910860147085784,2032.6813186813326,0.962896038618738,84987.56593409623,0.9493519241577859,0.0,0.0
2020-07-25,16894.0,179.0,5635.0,10309.0,SPb,7509562.263736333,0.32981512895228454,1925.3241758241895,0.929668331954672,78081.50000002995,0.9682860163191755,0.0,0.0
2020-07-26,13211.0,175.0,5722.0,10309.0,SPb,7634374.379120952,0.2931188410566383,1728.2252747252883,0.8887471986836059,75530.07142860114,1.006198973716809,0.0,0.0
2020-07-27,9770.0,172.0,5809.0,10309.0,SPb,7524853.648351722,0.3822475005748345,1420.2637362637495,0.857045817186636,77769.49450552398,1.0099630255047427,0.0,0.0
2020-07-28,10801.0,168.0,5873.0,10309.0,SPb,8406976.879120959,0.4991073640759471,1105.4780219780353,0.8548091603046909,78720.55494508416,1.0119226541774449,0.0,0.0
2020-07-29,12971.0,165.0,5940.0,10309.0,SPb,8360144.708791297,0.48071871901685653,866.6813186813318,0.806305564701224,80222.84065936961,1.020361671230995,0.0,0.0
2020-07-30,15357.0,162.0,5987.0,10309.0,SPb,8458867.258241843,0.44883503361990057,619.8021978022109,0.7579114924827798,81534.26923079795,1.0049468502832664,0.0,0.0
2020-07-31,17047.0,159.0,6048.0,10309.0,SPb,8471196.796703381,0.4702854493564491,411.0384615384745,0.6085949395782047,81974.52747255588,0.9939622376002063,0.0,0.0
2020-08-01,19541.0,161.0,6104.0,10309.0,SPb,10424364.79670337,0.6075227252806014,177.076923076936,0.8886948599151343,80563.65384618196,0.9932313707620883,0.0,0.0
2020-08-02,14461.0,163.0,6177.0,10309.0,SPb,10310815.296703367,0.4292095675478963,135.71978021979308,0.8805723460467287,80273.95604398391,0.9918778703783826,0.0,0.0
2020-08-03,9244.0,160.0,6256.0,10309.0,SPb,9795056.725274794,0.5867537305423589,111.29670329671602,0.9152060634699802,80143.87362640128,0.998794250526357,0.0,0.0
2020-08-04,9814.0,158.0,6307.0,10309.0,SPb,11419162.423077008,0.6468433471283469,97.50000000001259,0.9126897306085978,79015.80219782962,0.9881899770057497,0.0,0.0
2020-08-05,14460.0,156.0,6408.0,10309.0,SPb,11381826.862637449,0.527094669054066,85.6318681318806,0.8947576188128601,79966.86263738982,1.0028070494853667,0.0,0.0
2020-08-06,18133.0,159.0,6467.0,10309.0,SPb,11248244.527472615,0.5129830370328541,66.2637362637486,0.82905418160206,79818.8626373896,0.9924841876316876,0.0,0.0
2020-08-07,18053.0,157.0,6513.0,10309.0,SPb,11775228.55494514,0.5413359139322642,50.43956043957259,0.7809560132085523,77534.61538464212,0.9804595216958555,0.0,0.0
2020-08-08,17178.0,155.0,6575.0,10309.0,SPb,11895710.093406677,0.6133716682464064,35.6703296703416,0.7721114038200275,74993.51648354296,0.9891188117590817,0.0,0.0
2020-08-09,13698.0,160.0,6699.0,10309.0,SPb,11831910.417582499,0.5352851491822087,22.071428571440343,0.6039310715997548,77919.14835167465,1.0310268351830782,0.0,0.0
2020-08-10,8963.0,157.0,6804.0,10309.0,SPb,12443753.873626458,0.522417434953068,12.92307692308851,0.51700680268843,84813.07692310307,1.0460927546902803,0.0,0.0
2020-08-11,12050.0,157.0,6863.0,10309.0,SPb,11889410.615384696,0.515247193864125,8.027472527483978,0.39518633536383985,90241.75824178426,1.0329704636193913,0.0,0.0
2020-08-12,14647.0,161.0,6919.0,10309.0,SPb,11733192.681318756,0.5087035561837585,5.609890109901513,0.2207207206884081,94281.47802200401,1.0122713658253863,0.0,0.0
2020-08-13,17307.0,160.0,6968.0,10309.0,SPb,12269485.538461607,0.4994620051848884,4.950549450560832,0.2720588234860689,95009.14285716883,0.9966760536524808,0.0,0.0
2020-08-14,17097.0,159.0,7033.0,10309.0,SPb,12288379.494505564,0.4574953904594775,4.950549450560832,0.26196172244730265,94646.53296705885,0.9869874568477844,0.0,0.0
2020-08-15,19324.0,162.0,7099.0,10309.0,SPb,12127376.225274794,0.624133761523605,5.36263736264875,0.13020833331129292,92793.2087912345,0.9852176676951274,0.0,0.0
2020-08-16,15918.0,163.0,7199.0,10309.0,SPb,12247386.593406659,0.5629764323992013,5.36263736264875,0.32432432426101776,93163.82417584964,1.0015738957174964,0.0,0.0
2020-08-17,8027.0,159.0,7287.0,10309.0,SPb,13375859.873626443,0.40819115510416815,5.258241758253137,0.27139639635666496,95152.18131870654,0.9974691083851929,0.0,0.0
2020-08-18,13453.0,157.0,7342.0,10309.0,SPb,11631559.208791265,0.40149673460980223,5.4505494505608265,0.23409090905632754,93838.52747255247,1.0018003357108958,0.0,0.0
2020-08-19,16941.0,162.0,7401.0,10309.0,SPb,11911244.247252796,0.386205994817302,5.5164835164949055,0.16136919312838874,93734.86263738743,0.9896654469135433,0.0,0.0
2020-08-20,20436.0,160.0,7463.0,10309.0,SPb,13380165.97802202,0.41151238914506105,5.565934065945454,0.17060085834530245,92016.48901101357,0.9717571780436933,0.0,0.0
2020-08-21,20599.0,181.0,7537.0,10309.0,SPb,14952502.835164871,0.503892673650328,38.532967032978384,0.22477064216832549,88336.84065936504,0.9642773152876742,0.0,0.0
2020-08-22,20648.0,183.0,7592.0,10309.0,SPb,16760296.571428595,0.6021000443607945,68.99450549451674,0.9290697674217976,82430.41758244176,0.9843986993541836,0.0,0.0
2020-08-23,15681.0,180.0,7699.0,10309.0,SPb,16445489.87362639,0.46794029324939385,88.55494505495629,0.839428076247043,83309.53846156235,1.0232788481212456,0.0,0.0
2020-08-24,10863.0,182.0,7816.0,10309.0,SPb,14707115.14835166,0.4409337212537911,104.90109890111009,0.8599380630551949,90293.4505494742,1.0407710031771498,0.0,0.0
2020-08-25,15711.0,179.0,7891.0,10309.0,SPb,13480297.956043957,0.39023260103105545,108.52747252748365,0.8372991907169436,96461.45054947396,1.0298569513849714,0.0,0.0
2020-08-26,18795.0,181.0,7979.0,10309.0,SPb,13724984.373626363,0.396475430676943,116.43956043957157,0.8400903444320038,102402.10989013307,1.0219249233716836,0.0,0.0
2020-08-27,21334.0,184.0,8081.0,10309.0,SPb,15392140.247252723,0.44749869001894854,123.82417582418695,0.8397449751399847,108278.99450551749,1.0257866200101646,0.0,0.0
2020-08-28,21767.0,187.0,8173.0,10309.0,SPb,17182443.763736226,0.5082122054282652,128.74725274726387,0.8620107606228474,113953.93956046233,1.022669626192332,0.0,0.0
2020-08-29,21837.0,189.0,8252.0,10309.0,SPb,18490681.186813142,0.5857499524352111,135.7197802197913,0.8635866321806115,118027.45054947307,1.0280187264672531,0.0,0.0
2020-08-30,18093.0,186.0,8365.0,10309.0,SPb,18370685.71978017,0.49108530937043854,131.8021978022088,0.7809641768244318,126394.46153848378,1.0424640114361396,0.0,0.0
2020-08-31,10203.0,188.0,8457.0,10309.0,SPb,15557117.719780164,0.48724332199735326,114.1153846153956,0.6892131838813897,135973.03296705493,1.0319401948879616,0.0,0.0
2020-09-01,16953.0,185.0,8537.0,10309.0,SPb,14200617.719780155,0.39689685217114573,77.50000000001097,0.5814733884754493,142637.45604397773,1.0176331931518305,0.0,0.0
2020-09-02,19467.0,189.0,8599.0,10309.0,SPb,14304211.478021907,0.4021955989252745,52.72527472528567,0.2475319046433687,144717.50000002148,0.9981920919248378,0.0,0.0
2020-09-03,21351.0,191.0,8656.0,10309.0,SPb,14703035.846153773,0.40311632079799203,14.401098901109808,0.8013918628992607,142036.52747254877,0.9824667832530882,0.0,0.0
2020-09-04,22715.0,193.0,8728.0,10309.0,SPb,15838653.51648344,0.44280326718391555,17.961538461549402,0.906138789983186,137135.10439562539,0.964131644338633,0.0,0.0
2020-09-05,22276.0,195.0,8808.0,10309.0,SPb,16630040.417582337,0.5380194991863106,23.631868131879134,0.9233378561329599,128676.55494507574,0.9682367791995652,0.0,0.0
2020-09-06,17891.0,192.0,8915.0,10309.0,SPb,16067898.989010902,0.3967050221107084,22.181318681329735,0.8275962660129558,123986.26923078971,0.9896023635753005,0.0,0.0
2020-09-07,12995.0,196.0,9046.0,10309.0,SPb,13881638.417582326,0.4262265286644641,24.950549450560555,0.7975059382114981,126175.93956045972,1.0029960565118166,0.0,0.0
2020-09-08,15431.0,210.0,9113.0,10309.0,SPb,14014727.648351558,0.481033691733568,49.648351648362826,1.1898943196318736,125235.9395604594,0.9934219912775092,0.0,0.0
2020-09-09,18785.0,218.0,9198.0,2676.0,SPb,14014512.593406502,0.44675216871680623,93.76373626374753,1.2924713125989336,124170.98901100851,0.999582037775001,4161620.6428571423,0.0
2020-09-10,23722.0,215.0,9285.0,2676.0,SPb,15407949.95604386,0.4218335380186725,119.1428571428685,1.0251803457102713,124594.37362639264,1.0028640144045293,7682991.956043954,0.9166666666666666
2020-09-11,23789.0,216.0,9379.0,2676.0,SPb,16616594.901098799,0.470959269424334,142.24725274726418,1.0034421612532363,126303.97802199662,1.0032327525950757,10564113.939560436,0.9090909090909088
2020-09-12,23796.0,203.0,9454.0,2676.0,SPb,17756334.642857037,0.5669460287770434,138.2472527472642,0.8241262683155348,126343.60439562275,1.0105848023852282,12804986.593406588,0.9000000000000001
2020-09-13,18522.0,206.0,9536.0,2676.0,SPb,17702702.571428463,0.4553201557329897,128.79670329671484,0.8183831150425709,128679.17032968848,1.0131584132265434,14405609.91758241,0.888888888888889
2020-09-14,11050.0,199.0,9635.0,2676.0,SPb,16589981.917582307,0.6130398172589339,117.49450549451704,0.7398345272880549,133132.26923078686,1.0175468190554149,15365983.9120879,0.875
2020-09-15,17981.0,206.0,9711.0,2676.0,SPb,16310738.708791096,0.476502353396528,98.68681318682479,0.7124893694513047,136486.55494507193,1.004865262666922,15686108.576923065,0.8571428571428571
2020-09-16,23625.0,207.0,9788.0,3103.0,SPb,17672095.324175697,0.4442246677000924,85.63186813187977,0.6767464650645405,137159.4505494667,0.9901154456635286,15164109.104395594,0.8253417179789512
2020-09-17,24078.0,211.0,9868.0,3103.0,SPb,18952002.28571415,0.4744246890594784,76.18131868133038,0.6442354467258186,134628.90109891628,0.9808382667383398,14071489.456043946,0.7916088589192574
2020-09-18,23994.0,206.0,9951.0,3103.0,SPb,19650076.26923063,0.5017729401419405,64.6813186813304,0.5675205855376233,130294.64285715691,0.9748424743883318,12408249.63186812,0.7407688403138935
2020-09-19,24634.0,212.0,10038.0,3103.0,SPb,20926402.071428422,0.5822099527247946,57.30219780220956,0.42728442727847016,125158.37912089209,0.9826189097429339,10174389.631868118,0.65588031916538
2020-09-20,19225.0,214.0,10129.0,3103.0,SPb,20616386.33516468,0.46519960508136815,41.34615384616564,0.26843388177408645,122276.79670330843,1.0058340301899986,7369909.45604394,0.4862455769555833
2020-09-21,12301.0,209.0,10233.0,3103.0,SPb,21411115.478021827,0.45072129892146884,28.41758241759422,0.38104166665634687,125257.34065935123,1.0066215156764546,3994809.104395588,-0.0195506147830407
2020-09-22,18137.0,211.0,10313.0,3103.0,SPb,20004292.84065918,0.417609817319197,28.576923076934886,0.36515214671790946,126101.29670330625,1.0035160832395338,49088.576923058965,0.8571428571428429
2020-09-23,23060.0,208.0,10401.0,3227.0,SPb,20339645.45054928,0.4108661529872241,22.642857142868902,0.260869565208509,127072.95054945908,1.0049331679644087,52676.131868114004,0.8748187799709904
2020-09-24,25701.0,215.0,10484.0,3227.0,SPb,21580489.32417565,0.4289781283788153,22.642857142868902,0.09129640900430057,127896.43956044702,1.007423969090132,52927.41208789432,0.8423639266495616
2020-09-25,28252.0,224.0,10479.0,3227.0,SPb,25119623.802197613,0.5123529594394212,36.09340659341838,0.715300193643322,122287.6483516548,0.968180972749122,49842.417582399925,0.7979404290770472
2020-09-26,26201.0,232.0,10568.0,3227.0,SPb,26557879.873626176,0.5825539542829259,67.80219780220975,1.0751716660390727,117109.38461539002,0.9712017154874639,43421.14835163082,0.7284485926788309
2020-09-27,22048.0,227.0,10672.0,3227.0,SPb,25994727.302197594,0.4701237386479852,81.76373626374833,0.8097048705318431,114038.43956044396,0.9883420703306025,33663.604395587005,0.5984770346762625
2020-09-28,15646.0,237.0,10790.0,3468.0,SPb,20150585.016483292,0.5066903640218517,103.47802197803435,1.0152224824237093,115656.70879121221,1.0015068733421482,28476.439560422325,0.35944141099027915
2020-09-29,24390.0,251.0,10885.0,3468.0,SPb,19341325.516483273,0.4206826025376805,181.3626373626501,1.19121462991753,117720.88461538704,1.0036650487963965,16396.263736246638,1.0164478689938716
2020-09-30,26652.0,276.0,10997.0,3540.0,SPb,20643051.939560182,0.4450847646393246,395.56593406594726,1.4174395090933598,121593.67032967169,1.0132050471038394,23553.939560422543,1.053083357631566
2020-10-01,29205.0,285.0,11117.0,3540.0,SPb,23803678.417582147,0.5190738779285479,641.1483516483653,1.1989870202262034,127941.60989011008,1.0251812793474206,28613.054945038006,0.9864658877052346
2020-10-02,30687.0,302.0,11236.0,3540.0,SPb,28214769.93956014,0.607120512552732,958.6868131868273,1.2032863570577743,136548.28571428452,1.0350929370173572,31573.60989009302,0.9460643936114782
2020-10-03,28781.0,358.0,11385.0,3796.0,SPb,30297042.439560123,0.6428889368148007,1943.7857142857295,1.3885793690979302,150543.76373626088,1.0556011935172724,45612.571428554664,1.0704728207760945
2020-10-04,21004.0,392.0,11556.0,3796.0,SPb,29327927.30219748,0.44384533709586116,3320.840659340676,1.2711141274903768,172379.99999999529,1.0822366911257855,54374.07142855476,0.9797459870395219
2020-10-05,13686.0,407.0,11745.0,3796.0,SPb,27032046.285713956,0.5209077590510722,4595.873626373645,1.1485777063111802,205178.76923076232,1.0959078668449664,57858.109890093336,0.9226741183133735
2020-10-06,24161.0,411.0,11916.0,3796.0,SPb,24359243.82417547,0.3762709393702632,5538.7307692307895,1.0606894814493035,243465.8076922985,1.0945634827557968,56064.686813170374,0.9372837442213372
2020-10-07,28993.0,456.0,12114.0,4072.0,SPb,25789064.225274343,0.3809676837349699,6898.6428571428805,1.093327685762054,290855.6703296587,1.0957858942862402,72737.1868131705,1.0217501347271063
2020-10-08,29488.0,461.0,12319.0,4072.0,SPb,27413000.571428172,0.41167207746499385,7806.9505494505775,1.0396765944500725,346500.53296701895,1.0740407645934773,81563.25824174205,0.9510882214024616
2020-10-09,30236.0,469.0,12531.0,4072.0,SPb,28704344.747252338,0.4608184387375074,8370.989010989044,1.0086374681462664,397575.03846152197,1.0706493960980954,82542.90109888504,0.8938463114841486
2020-10-10,29670.0,501.0,12745.0,4072.0,SPb,30159971.456043527,0.502413021717754,9058.269230769269,0.9972387840093131,451916.30769228894,1.0668768193784517,75676.11538459944,0.8248662714014878
2020-10-11,24153.0,528.0,12988.0,4072.0,SPb,29412985.604395166,0.38323344790056346,9394.000000000044,0.9891911661711293,514371.9560439348,1.0691281476528143,60962.90109888529,0.8951679577586976
2020-10-12,15216.0,538.0,13257.0,4072.0,SPb,30076900.879120443,0.5364082704915876,9197.192307692356,0.9593943336914219,589507.016483493,1.0678158818607848,56834.46153844584,0.8492385510714553
2020-10-13,26931.0,557.0,13502.0,4072.0,SPb,30123099.609889664,0.349095648373863,8753.32417582423,0.9582877126732776,664551.6483516229,1.0596138219050792,48697.05494503937,0.8282048408320019
2020-10-14,34287.0,602.0,13774.0,4072.0,SPb,35483750.57142809,0.36899365265253764,8903.785714285776,0.9651810917932556,743909.7637362366,1.0555358677207034,41155.51648350099,0.757172690840695
2020-10-15,35207.0,638.0,14047.0,4072.0,SPb,40851583.208790705,0.45607729290336935,8971.670329670398,0.9681109518494098,824339.8736263439,1.0481531399650816,30503.824175808786,0.6191691807843883
2020-10-16,30944.0,647.0,14347.0,4072.0,SPb,41017612.26923026,0.46070593238930946,8404.884615384693,1.0024062727420944,906747.1868131544,1.0470092460586218,16741.97802196272,0.7499999999999643
2020-10-17,32736.0,659.0,14645.0,4874.0,SPb,43446438.6153841,0.5248103663850539,8416.461538461623,1.0062666487800935,991077.296703261,1.0452939050968053,67052.59340657831,0.9572463768115389
2020-10-18,27633.0,674.0,14967.0,4874.0,SPb,40564098.423076384,0.36360936570256425,8586.901098901191,0.9899463134810254,1083642.8406593015,1.0469446799973547,104593.05494504003,0.8774492865958989
2020-10-19,25742.0,686.0,15313.0,4874.0,SPb,25544044.70879062,0.4021693446222986,8474.994505494604,0.9532062894352434,1190486.796703254,1.0462802870133276,129363.36263734792,0.8481585714565091
2020-10-20,32259.0,695.0,15622.0,4874.0,SPb,25143060.2252741,0.3894502746551379,7766.554945055048,0.977527321068879,1290182.2692307224,1.0405079065257683,141363.51648350197,0.8999999999999939
2020-10-21,30195.0,684.0,15914.0,4874.0,SPb,25278054.07142794,0.3885831966975362,7152.708791208896,0.9190957790287314,1378918.5329669814,1.032157655286252,159033.95604394164,0.8888888888888837
2020-10-22,33986.0,697.0,16238.0,5291.0,SPb,27125298.642856494,0.4050831648990675,6242.423076923182,0.8843755955458762,1463693.8241757674,1.0280338607016342,211457.65384613967,0.9789900249376507
2020-10-23,40898.0,710.0,16561.0,5291.0,SPb,36898251.87362568,0.5382313578555449,5070.527472527577,0.8882151307326993,1540706.6813186193,1.0224037194351185,247552.10989009586,0.9400144959144291
2020-10-24,37748.0,713.0,16836.0,5291.0,SPb,41161838.0274718,0.5658401644408795,4082.7472527473556,0.8752192084174215,1590225.7637361963,1.0133170009684835,267317.3241758103,0.9096274116693964
2020-10-25,30074.0,709.0,17133.0,5291.0,SPb,37823532.68131793,0.31647144323769083,3168.796703296804,0.8016743984633222,1625002.7692306968,1.0098566396057593,270753.2967032831,0.8780211504507895
2020-10-26,21663.0,715.0,17458.0,5291.0,SPb,25147278.335164063,0.3942165126763844,2144.725274725375,0.7220107217773591,1659557.148351571,1.006218766798316,257860.02747251408,0.8383639391307989
2020-10-27,33424.0,721.0,17729.0,5291.0,SPb,23644291.53846074,0.2749638759951664,1203.9780219781214,0.7601325040853666,1666362.153846071,0.9987183169795147,228637.5164835034,0.7803384622168544
2020-10-28,38326.0,727.0,17984.0,5291.0,SPb,26284088.730768416,0.2858228294765287,778.8406593407574,0.8682982246009504,1648643.142857054,0.9897500588962945,183085.76373625096,0.6792321447022014
2020-10-29,38424.0,758.0,18284.0,5291.0,SPb,28510305.75824093,0.39295457008761314,827.6318681319636,0.9636085560555657,1620916.4010988064,0.9888844179343248,121204.7692307567,0.4446634370459934
2020-10-30,36176.0,801.0,18632.0,6088.0,SPb,29267623.384614535,0.412989857065938,1274.4010989011904,1.2327647617524116,1605824.725274625,0.992790817950375,106627.53846152619,1.0389088729016596
2020-10-31,37870.0,854.0,19003.0,6088.0,SPb,31095045.29670243,0.44342829325582206,2441.1868131868982,1.4141072592049704,1607788.2197801138,1.0017783780669232,151198.68131866926,0.9272631105745883
2020-11-01,33949.0,896.0,19413.0,6088.0,SPb,28561565.82417494,0.33227416249320896,4234.263736263813,1.3141715062263881,1645066.2197801075,1.0176737198760823,179574.2637362519,0.8845115692102478
2020-11-02,21507.0,923.0,19886.0,6088.0,SPb,34977986.40109803,0.36196497242237485,6261.785714285782,1.1991645354803093,1744893.3021976822,1.0343170556520376,191754.28571427407,0.8455246546931676
2020-11-03,30663.0,944.0,20287.0,6438.0,SPb,35420779.93955957,0.3067425803772618,8301.670329670389,1.1161421950897334,1864722.2857141572,1.0362043078080354,225681.05494504358,0.8925124861550597
2020-11-04,36323.0,1031.0,20725.0,6438.0,SPb,35263135.45604307,0.29482179186423174,12036.686813186858,1.1932253762383342,2007968.489010851,1.0434915812200853,232727.64835163724,0.9570571790300123
2020-11-05,34319.0,1093.0,21269.0,7850.0,SPb,35288522.131867245,0.28823383223830834,16967.104395604423,1.177985343712138,2221620.1318679834,1.0585732166851718,546317.6318681211,1.2864709475575962
2020-11-06,44536.0,1171.0,21823.0,7850.0,SPb,40279978.06593317,0.2727878815082583,23763.054945054955,1.1696263487181835,2502472.153845996,1.0635525417605223,787946.2857142751,1.0467882449921984
2020-11-07,40210.0,1258.0,22377.0,7850.0,SPb,42159566.26373536,0.3860975031262767,32557.917582417565,1.1544222408450193,2822662.79670313,1.064988317129603,957613.6098900994,0.9804637002928809
2020-11-08,34233.0,1331.0,23072.0,7850.0,SPb,40816140.70879029,0.26331297082271576,41908.42307692302,1.1228332744293033,3244429.692307515,1.0770778029992985,1055319.6043955937,0.9398320164198153
2020-11-09,25651.0,1403.0,23744.0,7850.0,SPb,34136503.65384522,0.34854075983828287,51427.016483516396,1.094268053975146,3750694.4615382743,1.075132479347389,1081064.2692307583,0.9032889346436408
2020-11-10,32887.0,1485.0,24416.0,7850.0,SPb,34261403.36263643,0.3306512838064667,61073.56593406581,1.074497208544064,4297669.016483317,1.0674595808168743,1034847.604395593,0.8609275561999353
2020-11-11,34561.0,1574.0,25136.0,9008.0,SPb,33143591.412087,0.3012823718541408,70460.37362637346,1.0688927210436963,4875251.96153825,1.0630625266882172,1170640.6428571306,0.9010035382151217
2020-11-12,39930.0,1667.0,25896.0,9008.0,SPb,34242739.7197793,0.29887469069162975,80434.40109890088,1.0674217312029284,5493162.335164611,1.0606690593768462,1154608.5274725144,0.9451413269395725
2020-11-13,40187.0,1756.0,26679.0,9008.0,SPb,36434266.37362543,0.3384224883265413,90829.20879120851,1.0644618714748946,6154121.692307452,1.057357078171808,1214548.7472527337,0.9023190955664588
2020-11-14,41645.0,1852.0,27524.0,9008.0,SPb,39250644.53296606,0.4138624295856975,102421.36263736227,1.0581248727732575,6875363.47802172,1.056595716682002,1180792.2637362496,0.8553550489714902
2020-11-15,36069.0,1944.0,28490.0,9008.0,SPb,39214884.09340561,0.35727840327718746,113615.38461538413,1.0416624756540176,7726756.153845881,1.0621010197415495,1053339.0769230626,0.7895943256157533
2020-11-16,24718.0,2039.0,29459.0,9008.0,SPb,33189795.45054845,0.3297828468537429,122739.60439560382,1.0220358170750852,8705569.104395317,1.058924660516262,832189.1868131718,0.7423920250961019
2020-11-17,36097.0,2130.0,30422.0,9008.0,SPb,31319006.59340556,0.24792194349839242,127653.03296703231,1.0250507598597103,9707764.68131838,1.0532153003031501,629215.6703296547,0.5980016856091409
2020-11-18,34144.0,2215.0,31398.0,9008.0,SPb,31486801.565933045,0.2487078713720007,132805.3846153839,1.0147538117719055,10703813.609889798,1.049931082503498,353660.835164819,0.8333333333333311
2020-11-19,39789.0,2312.0,32437.0,9008.0,SPb,32498691.4560429,0.2634285645572757,136924.53296703222,1.0149381952008467,11765755.412087591,1.0474004682824891,331557.0329670167,0.799999999999998
2020-11-20,43237.0,2394.0,33539.0,9008.0,SPb,30922711.82417478,0.2834749614778426,139699.80219780144,1.0120122088381966,12899117.478021653,1.0446971718426226,294717.36263734614,0.7499999999999978
2020-11-21,43103.0,2476.0,34670.0,9008.0,SPb,33414713.41208685,0.42105006583005194,141961.8021978014,1.0039993164021694,14059995.450549126,1.0455915992399143,243141.8241758074,0.6666666666666649
2020-11-22,38023.0,2668.0,35946.0,9008.0,SPb,33316673.192306604,0.349833669575272,152929.60989010904,1.0344329048836785,15447416.527472198,1.0483712880058977,176830.41758240043,0.49999999999999795
2020-11-23,26468.0,2926.0,37403.0,9968.0,SPb,32009325.054943964,0.2973121488149872,180151.142857142,1.0886329834505484,17165073.302197464,1.053861162780791,173827.97802196007,0.06908462867012038
2020-11-24,33683.0,3179.0,38874.0,9968.0,SPb,31613371.91208682,0.2853776577605122,224139.29670329578,1.1235729607963756,19132950.093406245,1.0560783739208834,121529.67032965172,0.9166666666666559
2020-11-25,32994.0,3421.0,40441.0,9968.0,SPb,32267473.873625286,0.32662694094845734,283192.55494505406,1.1320036071610173,21405742.593406234,1.0583091614137747,167103.29670327803,0.9090909090909033
2020-11-26,39785.0,3669.0,42169.0,9968.0,SPb,32191005.494504407,0.2614511552638711,357376.5549450541,1.127742335724771,24113230.027472142,1.0617957972170908,202549.45054943167,0.8999999999999961
2020-11-27,38407.0,3687.0,43895.0,9968.0,SPb,31386954.06593299,0.228647965882269,403094.57142857066,1.0543825407619245,27132462.37912047,1.0615603308168893,227868.13186811272,0.8888888888888854
2020-11-28,39849.0,3695.0,45529.0,9968.0,SPb,30139740.615383547,0.2681004854365103,423256.1813186807,1.0102661865969789,30239116.30769187,1.0577479784275265,243059.3406593213,0.8749999999999971
2020-11-29,37043.0,3701.0,47333.0,10024.0,SPb,30192518.571427498,0.26309854937018223,420968.2197802193,0.9791749993703591,33690387.76373578,1.0564553077517014,252482.4615384421,0.8668650793650765
2020-11-30,24218.0,3691.0,49174.0,10024.0,SPb,31096573.51648245,0.3661808499699862,398675.29670329636,0.9497456814303216,37386083.67032914,1.0528082374294965,250562.10989009036,0.8429666530185137
2020-12-01,31487.0,3697.0,50896.0,10024.0,SPb,32689657.802196775,0.3656384554148849,361506.4010989009,0.9220939957704616,40931685.494504936,1.0440005124803333,237298.285714266,0.8100990439113731
2020-12-02,34076.0,3684.0,52625.0,10024.0,SPb,32708082.06593304,0.3878601356341571,310293.1868131868,0.8900075492973372,44160872.02747195,1.0356172387888984,212690.98901096912,0.7612965946336285
2020-12-03,41108.0,3692.0,53308.0,10024.0,SPb,33627867.148350604,0.3008277489952767,251726.59340659349,0.8466328469979795,45272883.49450491,1.0053972937947682,176740.21978019975,0.6804839576669194
2020-12-04,39802.0,3694.0,54508.0,10024.0,SPb,30626601.95604295,0.23070943981300437,185812.30769230795,0.774486102962066,45282676.708790615,0.9908087435206431,129445.97802195774,0.519713315055427
2020-12-05,42810.0,3726.0,55059.0,10024.0,SPb,30299821.631867126,0.29609789592212626,115880.98901098935,0.6984685816238625,43296989.75824116,0.966734294270637,70808.26373624316,0.04133277098270726
2020-12-06,36736.0,3753.0,56862.0,10024.0,SPb,29957514.98901,0.34028395251140947,59538.48901098942,0.6140466618653915,41466954.68131806,0.9701624494079502,827.0769230561639,0.8333333333325113
2020-12-07,26499.0,3741.0,59875.0,10024.0,SPb,29914008.532966036,0.34060463318181955,24130.769230769714,0.46934143581940174,41870462.901098266,0.9975778033203022,775.3846153638389,0.7999999999991714
2020-12-08,34775.0,3734.0,61712.0,10024.0,SPb,29675964.53296602,0.27377961857611083,6343.324175824736,0.1924963099133022,42406277.516482875,1.0013725143732157,689.2307692099787,0.7499999999991359
2020-12-09,35752.0,3761.0,63469.0,10024.0,SPb,29077508.8406583,0.3090424146804001,809.9175824181785,0.893687573293338,43031323.23076857,1.0065388173054495,568.6153845945762,0.6666666666657456
2020-12-10,44588.0,3774.0,65246.0,10024.0,SPb,33609350.46153737,0.29444812556545225,952.4175824181917,0.9944394008159391,44033651.17032898,1.0117682773776133,413.5384615176386,0.49999999999905814
2020-12-11,44511.0,3779.0,66576.0,10024.0,SPb,38319760.30769115,0.39296772102588085,1140.4615384621602,0.9911646532369698,44648156.725274004,1.0042106547643936,223.9999999791586,0.0
2020-12-12,39681.0,3776.0,67904.0,10317.0,SPb,38239378.76922961,0.3981031868444242,1260.1813186819513,0.9553316974938425,44813264.55494429,1.002364530544037,6132.071428571446,0.0
2020-12-13,40525.0,3768.0,69454.0,10317.0,SPb,39316464.68131749,0.4249659035147449,1294.417582418226,0.8895836012696962,45275496.21977942,1.0076489815812053,11320.747252747278,0.9166666666665509
2020-12-14,26950.0,3771.0,71258.0,10317.0,SPb,34520213.51648229,0.2811332408465667,1227.6043956050505,0.8786869647948424,46565104.74725191,1.0158944183953702,15566.027472527456,0.9090909090908466
2020-12-15,31533.0,3765.0,73065.0,10720.0,SPb,34480692.439559214,0.3315070756723786,1115.5164835171488,0.7870329766701987,48487351.939559564,1.0233808778597764,43444.26923076902,1.3584755403867348
2020-12-16,35593.0,3758.0,73586.0,10720.0,SPb,33940215.34615261,0.36471242801713427,821.9560439567224,0.7087799712791218,48965423.978021055,0.9848584064817586,65999.25824175793,1.0612468237492225
2020-12-17,41035.0,3763.0,74204.0,10720.0,SPb,33896756.68131744,0.3349741518412553,554.7307692314615,0.5402963186604172,46727485.34065836,0.9603392122682914,83230.9945054941,0.9957731158336184
2020-12-18,40636.0,3757.0,74827.0,10720.0,SPb,34280387.51648227,0.3246525329225364,251.84615384685878,0.515621324046793,42799331.41208689,0.9194279163669065,95139.4780219776,0.9605570218778366
2020-12-19,45108.0,3754.0,75481.0,10720.0,SPb,36620130.30769104,0.418826674921678,165.69230769301845,0.674220237220396,36172729.038460486,0.8984321444547254,101724.70879120838,0.9329094360951053
2020-12-20,39838.0,3759.0,76841.0,9759.0,SPb,36979587.34065804,0.38409179133720855,160.87912087983295,0.6038146535793366,30115908.57142746,0.9307224454515362,119434.57142857107,0.6207614244294128
2020-12-21,28925.0,3752.0,78646.0,9759.0,SPb,33240108.28571296,0.36064220484794823,134.95054945126432,0.4049939098635506,27385553.170328505,0.9507688607502175,136372.7307692305,0.6800382256715517
2020-12-22,31435.0,3760.0,80425.0,9759.0,SPb,35600497.296702,0.4216086248453605,70.37912087984284,0.6871891613711772,26014671.692306463,0.9756130673191513,152539.18681318656,0.720659861743942
2020-12-23,35258.0,3749.0,81482.0,9759.0,SPb,35756802.15384486,0.4507081017127715,86.33516483588281,0.7896616221643722,24959327.63186682,0.9847969267017019,167933.93956043938,0.7500931374973174
2020-12-24,35289.0,3756.0,82513.0,9759.0,SPb,31856076.027471323,0.3718901924388158,79.60989011060195,0.6087023607406936,24330220.615383223,0.9810031852607382,182556.9890109888,0.772279696921939
2020-12-25,43110.0,3751.0,83154.0,9759.0,SPb,30351455.91208672,0.33666516839110233,62.07142857213153,0.5109878386957089,23156826.13186665,0.9670645853877696,196408.33516483492,0.8189369828134913
2020-12-26,42458.0,3755.0,82921.0,9759.0,SPb,32141812.225273512,0.375053252818671,41.64835164904763,0.4458830375242992,20751878.335163243,0.9391370028998866,210474.84065934032,0.8252441292722589
2020-12-27,37890.0,3761.0,83480.0,9759.0,SPb,31199886.593405403,0.4666466348027906,34.840659341352996,0.20257123001627275,18542860.401097205,0.9499926566199927,221119.76373626332,0.8275552411015535
2020-12-28,22338.0,3748.0,84905.0,9759.0,SPb,39700968.263735116,0.397295896175174,26.373626374311964,-0.22454233408776014,17708218.87911909,0.9909662869067968,228343.10439560388,0.7999999999999976
2020-12-29,33149.0,3757.0,86474.0,9759.0,SPb,38662466.28571312,0.3400630003133735,20.219780220462876,-0.3573954036398169,18376974.335162945,0.9968681120895497,202971.6483516477,0.7499999999999971
2020-12-30,34763.0,3764.0,85882.0,9759.0,SPb,38837176.725273564,0.35463155309548383,24.90109890178351,-0.38606459328642684,17186424.269228794,0.9348233365752713,167451.6098901091,0.6666666666666633
2020-12-31,39161.0,3758.0,85983.0,9759.0,SPb,37785327.296702154,0.3146221891996494,21.41208791277092,-0.327887323931655,15139272.901096849,0.896039413390713,121782.98901098807,0.49999999999999695
2021-01-01,32611.0,3746.0,86596.0,9759.0,SPb,37134199.961537406,0.2114964967919152,28.000000000679982,-0.39633129514966015,12690092.269228624,0.8583699860864534,65965.78571428469,0.0
2021-01-02,16777.0,3742.0,89317.0,9759.0,SPb,53937440.59340581,0.2508820345416485,40.13186813254443,0.036456125475892505,11456255.565931784,0.9080607054193505,0.0,0.0
2021-01-03,13183.0,3738.0,92069.0,9759.0,SPb,79868215.45604347,0.6944358789625116,55.93956044023024,0.4192498450008521,12483225.192305246,1.0520491923953172,0.0,0.0
2021-01-04,10902.0,3657.0,94021.0,9759.0,SPb,111269133.80219749,0.8346705104434866,709.9780219786612,2.2277730736357313,15378202.527469905,1.1326262855863987,0.0,0.0
2021-01-05,16253.0,3649.0,95868.0,9759.0,SPb,125769945.82417567,0.7848691289685684,1348.5329670335716,1.104935743176287,19978434.642854333,1.1347648623364306,0.0,0.0
2021-01-06,20837.0,3341.0,97363.0,9759.0,SPb,127872321.60989012,0.7513222978940386,12543.873626374087,2.5645176978224407,25093425.516480505,1.1128230567650486,0.0,0.0
2021-01-07,21800.0,3005.0,98463.0,9759.0,SPb,126738875.03296718,0.70354132214813,47374.59340659358,1.8500842148199692,30055628.263733026,1.076696997101349,0.0,0.0
2021-01-08,18651.0,3017.0,99669.0,9759.0,SPb,110793622.8846158,0.6480073907394737,75032.68131868122,1.141338817868116,34594077.30219432,1.0394552835287059,0.0,0.0
2021-01-09,20297.0,3006.0,100965.0,9759.0,SPb,88975387.80219842,0.5976129095224425,97556.18131868097,1.0516408017254875,37601873.30219407,1.021114464652002,0.0,0.0
2021-01-10,25602.0,3010.0,101241.0,9759.0,SPb,73854936.28571504,0.718981070304786,113372.57142857081,1.004993111188871,38209162.879116885,0.9988631526266574,0.0,0.0
2021-01-11,25340.0,3004.0,102330.0,9759.0,SPb,74050264.21978095,0.7306677899252582,124017.4945054936,0.9747697078402343,38805921.25823751,1.001980821413605,0.0,0.0
2021-01-12,29983.0,2731.0,103735.0,9759.0,SPb,70077769.20879197,0.6895654783478453,149554.74725274593,1.021016283987637,40056205.67032519,0.9719484548251703,0.0,0.0
2021-01-13,37389.0,3003.0,103235.0,9759.0,SPb,75202538.0659348,0.651845780840645,144691.87362637202,0.8799743997721758,36555190.24724804,0.9065893763719685,0.0,0.0
2021-01-14,38105.0,3041.0,102642.0,9525.0,SPb,72735397.1428579,0.7942088757027342,132522.5714285696,0.8431365158623391,29450492.879115958,0.8336046665186738,3911.142857142848,0.0
2021-01-15,36812.0,3094.0,101749.0,9328.0,SPb,79943135.93956114,0.985888318386186,114495.84615384413,0.7908784787871108,20013087.91757731,0.7992895991821398,16071.49999999999,1.7585470085466608
2021-01-16,36812.0,3253.0,101310.0,9255.0,SPb,87246994.26373678,0.9293522461909958,92079.76373626158,0.7054146368922174,12860185.956038706,0.7856230000975221,30532.423076923085,1.2507483713888332
2021-01-17,28134.0,3316.0,101495.0,9464.0,SPb,75709669.01648389,0.7598626880449337,68707.45604395376,0.6372730600084237,8258537.054939693,0.7573520294596158,32958.87912087916,0.8605534010960657
2021-01-18,16389.0,3287.0,103559.0,9401.0,SPb,64939260.83516514,0.7556897615796618,49735.80769230527,0.476214646401823,5554880.901093428,0.7537586536460918,36353.97802197815,0.8811912516212762
2021-01-19,21478.0,3281.0,104512.0,9142.0,SPb,58571679.65384641,0.7479078787291811,29770.796703294156,0.5401698981311489,4102878.8791153138,0.7678278753816984,51192.48901098931,0.9935229507091894
2021-01-20,26700.0,3347.0,104932.0,8911.0,SPb,55491897.296703495,0.710655717835475,29996.554945052405,0.8112667999107236,3272160.335159189,0.7629104857463856,79828.79670329724,1.105814391374717
2021-01-21,31108.0,3112.0,103771.0,8911.0,SPb,53672234.43956054,0.6592462970991259,29256.373626371125,0.6703898207448991,2289130.401093193,0.662659425605304,100562.86263736355,1.0119024388556335
2021-01-22,30753.0,3104.0,102120.0,8450.0,SPb,46620758.10989009,0.6175151481668776,28588.57692307445,0.6579245274424972,1646820.2637305276,0.5959708825287734,163473.97802197954,1.1653445816746153
2021-01-23,30798.0,3056.0,100898.0,8401.0,SPb,40563931.32417569,0.6396804918722742,27940.225274722816,0.6477723750781992,1664874.55493932,0.6021540058308201,213958.74725274948,1.0572992004284985
2021-01-24,25364.0,2929.0,101506.0,8489.0,SPb,40716988.86263723,0.6130287300111097,29743.14285714037,0.6620610611044934,1611197.4944997577,0.6537568756593624,234236.87912088196,0.9592920582398063
2021-01-25,14958.0,2116.0,102664.0,8479.0,SPb,55307463.76373624,0.749674384063211,100724.59340659063,1.0116445597609651,1600175.4944997537,0.6331862360313093,237725.23076923407,0.9179562502497683
2021-01-26,19072.0,1510.0,101694.0,8258.0,SPb,62015030.98901108,0.7067903054056625,266733.6318681287,1.539045576202862,1580090.7087854943,0.6350032258797078,244397.25824176194,0.9147116394546744
2021-01-27,24302.0,1813.0,97642.0,7962.0,SPb,55614121.76373649,0.5979107958714238,360129.01648351294,1.0103295981214573,3248863.670324027,0.8217863967643401,260738.1098901139,0.9986701322260498
2021-01-28,30741.0,2128.0,95577.0,7873.0,SPb,47131845.76373657,0.4960584376814731,396443.3406593368,0.909642424324394,6309988.423071375,1.1009125020589852,285499.95604396035,1.0088407279123082
2021-01-29,29385.0,2284.0,94182.0,7594.0,SPb,39486810.26373665,0.38407098923387445,407970.2637362597,0.8729550581962472,10312058.307686862,1.1199727941706608,342721.9560439608,1.0413019470630949
2021-01-30,28675.0,2512.0,93221.0,7509.0,SPb,30859488.95054992,0.44561754613340415,390141.4780219738,0.8315438071427159,14765497.258236425,1.0937438911182953,388175.5164835218,0.9660178371994047
2021-01-31,23093.0,2160.0,93897.0,7649.0,SPb,30679314.747253265,0.48589243369086976,375977.30219779775,0.8221834319100993,17790503.192302473,1.0015694725287698,351187.41208791797,0.8779613965549758
2021-02-01,12771.0,1842.0,94413.0,7583.0,SPb,36519283.60439616,0.5907823094651482,376191.67032966553,0.8198335173693619,18775256.027467445,0.9378318540618823,295888.2472527538,0.8837613348676405
2021-02-02,13835.0,1484.0,93908.0,7392.0,SPb,44765786.642857775,0.72160664477681,394763.9615384563,0.8148960272314059,18400853.25823683,0.9006226695073369,268926.7087912159,0.9170393776635625
2021-02-03,21275.0,1916.0,92142.0,7392.0,SPb,44945676.06593475,0.601738863300346,329354.68131867575,0.7173633337782938,17629517.873621635,0.9213563436846139,245231.97802198556,0.8489667740585096
2021-02-04,26922.0,1571.0,90507.0,7392.0,SPb,41625718.06593479,0.5347857835423113,302505.7197802138,0.670455528163257,17783584.335160278,0.9645975427849561,196181.6318681399,0.9364235017712638
2021-02-05,25942.0,1463.0,88920.0,6901.0,SPb,38066291.785715066,0.4838747221858289,259866.76923076282,0.5857382642501602,19305355.76373187,0.9961924672863578,233485.29670330527,1.009148181382856
2021-02-06,25203.0,1248.0,87651.0,6901.0,SPb,33905610.000000834,0.512216467052441,215203.20879120193,0.48287426175275777,21445910.835160617,0.9690207678385826,250133.6483516575,0.918937193271201
2021-02-07,22838.0,1175.0,86448.0,6879.0,SPb,33429861.494506355,0.5599489841135507,164529.95604394877,0.7167370006326476,22226444.74724875,0.9051321345343121,232317.49450550432,0.849063531136521
2021-02-08,12003.0,1551.0,86868.0,6879.0,SPb,37612566.57692397,0.5784867255390229,160000.64285713548,0.7168316437463952,18449985.67032592,0.8250928661732602,187622.98901099942,0.8292377504890297
2021-02-09,14557.0,1078.0,84146.0,6879.0,SPb,41502239.07692401,0.6486223702437354,190027.016483509,0.8086021005491959,16023347.956040498,1.004915902600732,149973.25824176913,0.857947960298364
2021-02-10,20875.0,1169.0,81672.0,6372.0,SPb,41260823.87362734,0.5583111795566086,211463.01648350887,0.7915230069395127,18890752.68131549,1.1044826578657463,178837.8736263851,0.957977290763194
2021-02-11,25124.0,1127.0,79405.0,6267.0,SPb,35967974.15384718,0.48707526218282243,214713.51648350866,0.7483138268081528,24327388.109887186,1.1349508137453315,203757.34615385826,1.0216276443339978
2021-02-12,24842.0,1134.0,77035.0,5998.0,SPb,32005953.961539533,0.4294384800684982,190437.1428571348,0.6056936759548489,31918704.181316055,1.1370674208693672,267720.1153846282,1.0695326438110955
2021-02-13,24842.0,1130.0,75435.0,5808.0,SPb,28696074.21978133,0.47846918525092974,118223.84615383779,0.5258553532716204,39882923.17032736,1.083749089934723,341059.3846153981,1.0303953315942151
2021-02-14,19450.0,1099.0,74934.0,5885.0,SPb,28475872.88461653,0.4980500305540381,79800.48901098044,0.47543051964585004,44289945.20878924,1.0156436136429627,354085.8461538604,0.9508521649248463
2021-02-15,12241.0,1093.0,74481.0,5807.0,SPb,29146410.2472539,0.4516521971537491,63894.52747251874,0.5395251478670986,44565926.74725115,0.9739656349594393,352329.3626373776,0.9547441321322143
2021-02-16,12649.0,1082.0,72584.0,5641.0,SPb,30501421.763737433,0.6518625424052017,64225.846153837345,0.4283202902823606,43967448.7692296,0.9867282215912034,364749.9175824331,0.9387149467740458
2021-02-17,18918.0,1103.0,70768.0,5378.0,SPb,30662876.263737455,0.5618097420234653,31138.53296702399,0.30295333950185216,44242492.21977949,0.9955895422752198,378117.56593408214,0.9305420168020613
2021-02-18,23902.0,1094.0,68586.0,5316.0,SPb,28310860.43956166,0.49987240629781027,21333.824175815113,0.08049432828036454,45746248.73076897,1.0101493994457087,355144.6868132037,1.0057286187904957
2021-02-19,22885.0,1087.0,65950.0,5207.0,SPb,26297557.192308947,0.4691367520877046,15169.0769230678,-0.0003565657317521182,49118042.79670354,1.0249452885427053,379493.60989012726,0.9804129988452839
2021-02-20,22642.0,1092.0,64294.0,5117.0,SPb,24725314.263737544,0.4733875139128323,14675.362637353495,0.0032462800226652124,51856586.87912163,1.0134095454907222,383394.88461540244,0.9506615339002604
2021-02-21,22941.0,996.0,62891.0,5117.0,SPb,24773569.763737544,0.5864076709659217,16106.379120869951,-0.03125732295773947,53268583.10439686,0.9634068264812795,355899.9395604578,0.8902661464359034
2021-02-22,14457.0,957.0,62783.0,5214.0,SPb,22241958.6428584,0.4616979368428983,2933.9395604302913,0.9257161813136493,47829475.49450727,0.9494254674645766,286143.7582417769,0.7833115056699579
2021-02-23,11579.0,913.0,61932.0,5331.0,SPb,25379788.884616673,0.6759686337876083,5148.747252737956,1.1130520991398185,43267305.75824402,0.9519134023837149,180029.208791228,0.8348697864885434
2021-02-24,7408.0,909.0,61314.0,5351.0,SPb,36128600.72527616,0.8150632490487647,6291.604395595053,1.0701102394064759,39166399.18681592,0.9508010358268602,133876.64285716246,0.7806907764525671
2021-02-25,11623.0,911.0,59876.0,5356.0,SPb,36113838.64285872,0.6975711984575714,7340.747252737867,0.9946549161733118,36518288.24725595,0.9733887808802174,90033.51648353643,0.8047092003734656
2021-02-26,18953.0,947.0,59116.0,5273.0,SPb,32287250.571430214,0.5576097537325538,7216.423076913653,0.9035985441451678,34715853.450553074,0.9685497878207264,68255.63186815211,0.8346548553874578
2021-02-27,26358.0,951.0,57490.0,5314.0,SPb,34172288.285715915,0.6421535079034462,6737.450549441089,0.9052627966594217,33827773.14835568,0.9551137124736409,55769.91758243806,0.7191055875844832
2021-02-28,20337.0,939.0,57163.0,5434.0,SPb,34484780.335166454,0.6092978108413425,6540.527472517979,0.896659053720971,30592767.64835608,0.9038690146962701,35194.90109892183,0.5814215362029331
2021-03-01,14790.0,943.0,56751.0,5425.0,SPb,32833518.52747412,0.55047161429053,6123.494505484981,0.8785378635092215,25086531.054949887,0.8854230783752699,18575.80219782316,0.48745751078022537
2021-03-02,14328.0,937.0,54980.0,5384.0,SPb,31699870.642858718,0.6198751720839721,5674.950549440993,0.8246477370458549,21168770.527477775,0.8967606482365434,10584.796703317803,0.7272107565677379
2021-03-03,22130.0,962.0,53268.0,5277.0,SPb,32921454.247254286,0.5480696144459615,4518.285714276127,0.7535658664312209,18648001.29670895,0.9414335664782084,10120.307692328857,0.696090221686112
2021-03-04,23641.0,986.0,51597.0,5219.0,SPb,32696023.384616926,0.5591021613434745,3359.956043946432,0.6546375806708178,18016701.2582478,1.029527512125477,10464.071428592659,0.7211926112202395
2021-03-05,23520.0,983.0,49963.0,5135.0,SPb,33187593.631869666,0.5694769473860508,2203.3846153749805,0.4125245671243738,19777115.91209433,1.0690165679650674,11721.30219782348,0.7051602818424542
2021-03-06,23052.0,975.0,48149.0,5034.0,SPb,33480207.478023507,0.5690734212604457,787.1703296606677,0.593420778345516,23014010.994512282,1.0939690968876008,14319.384615405954,0.8214545522723198
2021-03-07,19005.0,968.0,47678.0,5079.0,SPb,31729639.038463112,0.6239949374669669,647.7857142760457,0.7225271035201579,25635913.03297417,1.0313295724826197,15352.065934087304,0.8909126726368023
2021-03-08,12608.0,956.0,47180.0,5145.0,SPb,32965045.340660937,0.5690688066095987,646.5714285617597,0.7510184519521315,26410490.532974526,1.0027845220328804,16321.47802199944,0.8754154729594427
2021-03-09,5915.0,941.0,46707.0,5177.0,SPb,40685637.516485184,0.5806893665539479,549.3406593309969,0.6529992572842316,26138029.956051793,0.9726971625217852,16531.324175845704,0.8451752465050905
2021-03-10,10740.0,959.0,44865.0,5080.0,SPb,36354110.74725438,0.581979946626773,408.1318681222174,0.495687896974762,26093653.807700515,0.9974954338542451,17872.9230769448,0.8640463521909495
2021-03-11,19164.0,961.0,42981.0,4911.0,SPb,33432056.115386155,0.5601756539836087,254.83516482552557,0.647264423523065,27270084.219788805,1.0046633429291563,23939.10439562642,1.0088434690407337
2021-03-12,22946.0,957.0,41031.0,4717.0,SPb,35044855.14285863,0.5554742834935752,245.49450548486863,0.6415340086810567,28823506.22528371,1.0347144534301922,40307.50000002235,1.1474125240003803
2021-03-13,25425.0,943.0,39602.0,4821.0,SPb,33974329.91758392,0.6653159610693398,259.2087911991524,0.6123882503173295,31028054.79671269,1.0120540661368609,46480.83516485781,0.906350943083066
2021-03-14,20691.0,937.0,39661.0,4881.0,SPb,34088769.170331165,0.6471559638001431,265.2967032870641,0.6530854022848228,30142568.994515292,0.9488819353117637,42570.33516485816,0.8218452190218325
2021-03-15,11891.0,933.0,39865.0,4861.0,SPb,36310438.52747406,0.588787634222439,295.07692306728165,0.6745287532272587,26367898.532977223,0.9234676507623328,36378.7307692541,0.7823686839332565
2021-03-16,12520.0,916.0,39565.0,4718.0,SPb,37626026.747254305,0.6745580267861492,391.19230768266146,0.977907291946166,22641957.516494073,0.9131737026615622,33992.84065936436,0.8486419556638163
2021-03-17,18778.0,927.0,39465.0,4642.0,SPb,36344752.37362797,0.5866814653158535,443.69230768265345,0.8343253968237414,19013664.532977916,0.9016059890904974,36117.648351672404,0.888257583009643
2021-03-18,26317.0,918.0,38309.0,4559.0,SPb,39240478.439562,0.5746440131779048,428.747252737583,0.8291707121077404,16432434.027483728,0.9176756184591998,40788.41758244201,0.9549928604132959
2021-03-19,24315.0,921.0,37165.0,4494.0,SPb,39955764.40110045,0.5796061045418698,370.8351648254808,0.7908490838244335,14846888.40111041,0.953227407313282,48089.478022002804,1.0057546148649397
2021-03-20,24330.0,899.0,36955.0,4448.0,SPb,41046530.37912241,0.6363147788650185,417.6043955946937,0.8848431628795328,13727242.37913266,0.9165814409678896,57439.71978024486,0.9809158863609856
2021-03-21,20722.0,881.0,37508.0,4544.0,SPb,41472676.57143009,0.6279961056444381,560.5329670232439,1.0558284948614207,11452068.093418628,0.8484953891833521,56878.263736289045,0.8606111672513513
2021-03-22,11245.0,865.0,38093.0,4569.0,SPb,42801369.41208945,0.47809806336387506,817.0329670232212,1.1486495836871862,8396888.87913314,0.7481475613907789,48725.6483516739,0.7670699924728678
2021-03-23,12150.0,812.0,37500.0,4507.0,SPb,33780386.41758387,0.47006066230957244,1699.4780219682445,1.32759414008451,5130882.686825671,0.7102200107957025,36201.802197828045,0.7354593478661026
2021-03-24,18731.0,807.0,37567.0,4430.0,SPb,28605335.785715636,0.5056735482849103,2352.5769230671085,1.1066230124462517,2876682.8626500173,0.6761153221121664,28037.516483542582,0.8161781440739073
2021-03-25,22521.0,804.0,37061.0,4359.0,SPb,29376025.51648482,0.5015708129591782,2772.681318671465,1.0309652374580798,1706539.5659468574,0.7640318873314614,27649.296703323,0.9776809511607849
2021-03-26,21025.0,782.0,36192.0,4289.0,SPb,28612364.686814513,0.4588835738308074,3271.7197802098813,1.0587662023598916,1513325.2088041117,0.9389478794211067,33735.36263738906,0.967707059220125
2021-03-27,20236.0,749.0,35717.0,4299.0,SPb,25672282.989012383,0.4826952415680731,4132.994505484557,1.0885385445387414,1740981.9395734333,0.9408653662183091,33855.824175850736,0.8636615773926536
2021-03-28,18533.0,701.0,35605.0,4397.0,SPb,25430990.131869555,0.5226633614163032,5603.456043946034,1.1325504524411776,1818224.225287814,0.8762659181436003,25409.758241784966,0.7116739539698469
2021-03-29,12853.0,697.0,35559.0,4469.0,SPb,24473356.13186954,0.45572838299076324,6607.104395594322,1.0666825320157998,1650053.6318813227,0.8364515194029989,15114.37362640048,0.6959572912691522
2021-03-30,12351.0,719.0,35181.0,4472.0,SPb,24640674.4890124,0.614796290957587,6900.439560429435,0.9598037452245016,1498155.2582550542,0.7887581440180939,10440.37362640057,0.6682862451338424
2021-03-31,0.0,715.0,34881.0,4438.0,SPb,50078054.88461705,0.91343293020178,6625.53846152828,0.9343277857053635,1254498.0274859336,0.9057260228240064,7786.131868158891,0.6837736302661495
2021-04-01,23601.0,710.0,34459.0,4338.0,SPb,46930628.73077094,0.1903806988252336,6099.824175813938,0.8865433870023748,1338774.95056295,1.0453288465606698,7505.631868158982,0.7138378361364667
2021-04-02,22405.0,708.0,34101.0,4360.0,SPb,45138544.99450723,0.16070001908932102,5052.379120868825,0.8620320044491341,1643457.7637498358,1.0530509653465212,7517.412087939261,0.7222128048950311
2021-04-03,22979.0,717.0,33763.0,4375.0,SPb,43785533.34066109,0.1781196858321167,3944.3791208687753,0.810318952282318,1985703.3022114502,1.0228809665400267,7614.879120906326,0.6899992231728395
2021-04-04,19542.0,711.0,33491.0,4432.0,SPb,43226835.75824352,0.2401429707705597,2894.489010978618,0.7468212463788333,2170463.230782974,0.9554691965126821,6332.417582444836,0.5407652454624146
2021-04-05,12591.0,707.0,33355.0,4432.0,SPb,42161972.26373801,0.17142153312222788,1877.0384615280216,0.8180649330094606,1996823.3406731975,0.961711002333719,4312.796703324012,0.4839752832707627
2021-04-06,12361.0,702.0,32684.0,4432.0,SPb,42004194.11538636,0.23377329180481296,1497.4780219675495,0.7541848105034271,2035774.7252887005,0.9466536766202431,3477.4945055218395,0.5445562336467429
2021-04-07,17869.0,705.0,32414.0,4429.0,SPb,41844089.45604571,0.1994452320230175,1042.4010988905957,0.6028416779427093,1875663.6538602565,0.9496648095220299,3472.0934066207406,0.6054612250911808
2021-04-08,23095.0,695.0,32138.0,4389.0,SPb,42349701.4560457,0.1768055988638352,538.7252747147401,0.39526550751819306,1746286.131882357,1.0124659370666684,3373.1923077196316,0.5063430777715335
2021-04-09,21648.0,703.0,31882.0,4326.0,SPb,42753340.41758415,0.19944540752043446,177.14835163779492,-0.023781862912489155,1787349.5384758697,1.024334565142858,2859.0549450822564,0.3556781832163891
2021-04-10,21088.0,699.0,31597.0,4289.0,SPb,43210031.14285887,0.2216191773194,55.17032965975905,0.34415129581546355,1876631.2967177285,1.0043016858710934,3020.2637362910564,0.7447021413148468
2021-04-11,18056.0,694.0,32204.0,4355.0,SPb,43129069.565935805,0.23354278571950607,64.43956042898792,0.3928491369590819,1680288.9505639644,0.8911002690549702,3155.4945055218495,0.6243720562071782
2021-04-12,11153.0,706.0,32624.0,4374.0,SPb,44465661.87362814,0.19102827024545696,57.96153845096841,0.5247140522806155,1324234.7472673322,0.8437098059978921,2724.862637390039,0.5270098360654243
2021-04-13,12542.0,701.0,32101.0,4262.0,SPb,44330107.49450726,0.0822651701459379,46.48901097843597,0.4541272344822507,1062265.5164981768,0.8245972816440599,3181.7857143132574,0.5200344690877596
2021-04-14,18671.0,712.0,31808.0,4217.0,SPb,20207893.609891642,0.532565085080764,42.61538460480882,0.3617249846459448,837176.7088059441,0.8191247000192291,4482.285714313397,0.8899478046256364
2021-04-15,23012.0,719.0,31044.0,4161.0,SPb,19761389.53846308,0.5075723133097304,55.32417581360243,0.5109457092722677,776851.2967181148,0.8647088324438027,7260.796703324499,1.0562975906464518
2021-04-16,20538.0,704.0,31299.0,4117.0,SPb,18847944.401100464,0.45736181559552547,55.01648350590907,0.30877911992664575,653840.4175973029,0.7920556246954746,10925.82417585212,1.0852514758816967
2021-04-17,22627.0,701.0,31222.0,4066.0,SPb,18599327.96154003,0.5147028996941873,44.64285713227852,0.24567567567135973,548807.7637512101,0.7580892866854154,15504.796703324828,1.075775470294907
2021-04-18,18082.0,695.0,31725.0,4164.0,SPb,18450038.950551037,0.5064815590446942,46.225274714691814,0.2620289855023095,402637.3022127905,0.5896936652946851,15431.170329698623,0.879232383232686
2021-04-19,11162.0,692.0,32059.0,4164.0,SPb,19805979.362638965,0.4255875365607509,53.230769220182346,0.38678251710765105,253825.17034468922,0.5721013825326097,14568.269230797687,0.8437159665856816
2021-04-20,12732.0,687.0,31098.0,4154.0,SPb,19494345.478023574,0.5650150327714355,69.30219779160701,0.5433526011482175,245703.4560590117,0.47236555368650984,13053.016483545098,0.8010535744630102
2021-04-21,16660.0,693.0,30586.0,4054.0,SPb,19626770.835166447,0.5298505402184406,72.07142856083468,0.5710801393663555,312013.6538612525,0.6344701009895537,12634.747252776055,0.8367745749913155
2021-04-22,23651.0,682.0,30327.0,4052.0,SPb,20090377.07692468,0.4683083862233059,94.28571427511694,0.7214043993152469,416026.747267888,0.789443376070955,12029.258241787193,0.8592497458986723
2021-04-23,20410.0,694.0,29983.0,4019.0,SPb,19499905.49450711,0.4412072679886826,94.7307692201695,0.6091822459570649,574029.8077074921,0.9096695711173008,12658.43956046865,0.8915493364813418
2021-04-24,21186.0,689.0,29621.0,4057.0,SPb,19548889.340660956,0.48343549528234864,101.1043955937933,0.6347619642582458,794712.0934218229,0.9605019194979977,12428.989011018215,0.7720100813745479
2021-04-25,17035.0,701.0,29321.0,4137.0,SPb,19597521.478023607,0.4549580921476123,100.52747251687202,0.6061234158427814,971636.4175977124,0.9189697626990944,9226.06593409524,0.5657553369755255
2021-04-26,13892.0,706.0,29156.0,4197.0,SPb,17324587.912089508,0.3856794916103578,100.52747251687202,0.6335107699874749,995416.9890263616,0.954889648629064,5165.763736293134,0.5545228815922064
2021-04-27,11956.0,712.0,28858.0,4169.0,SPb,17842463.802199405,0.5733039958847309,113.76373625313863,0.6597181096715762,1102881.4560594014,0.9778225579682259,3895.956043985492,0.5072043499399913
2021-04-28,18894.0,723.0,28460.0,4211.0,SPb,17869982.247254346,0.43635191990923866,144.28571427511946,0.7025938647346124,1270538.9945210146,1.0583619905805524,3812.153846183298,0.6075884875651242
2021-04-29,22902.0,716.0,28109.0,4097.0,SPb,17785831.038463138,0.44823495664773233,136.09340658281104,0.8307884075980055,1567925.4505650362,1.0422768036920858,3730.571428600919,0.48062617981587263
2021-04-30,23489.0,725.0,27790.0,4050.0,SPb,19568964.681320246,0.4809185731189964,181.67032965973974,0.9443124834994826,1816505.3241914872,1.0320411794994657,4065.939560469087,0.5045206665840802
2021-05-01,24167.0,737.0,27515.0,3947.0,SPb,20789287.758243307,0.6102770714922334,273.4505494399692,1.0607777994873981,2032509.3626531076,0.9778088517831833,5949.6703296999185,0.7602347390616865
2021-05-02,18746.0,718.0,27215.0,4063.0,SPb,20798379.450550992,0.529714596454997,280.4010988905248,0.8157253599090578,2021259.1428729882,0.9065026591157803,5763.763736293379,0.544538326178928
2021-05-03,8648.0,704.0,27130.0,4209.0,SPb,24029421.97802355,0.4515756442204694,266.0274725169015,0.7316774337247691,1658923.4780379345,0.9553299269084103,6365.824175853796,0.45947905713277726
2021-05-04,11203.0,709.0,27004.0,4244.0,SPb,25475393.91758401,0.567071965182171,235.565934055369,0.7245539080147225,1497322.9505654993,0.9625443629236711,7676.26373629331,0.6415834707873141
2021-05-05,9199.0,711.0,26809.0,4191.0,SPb,31058476.615386304,0.6983918982749996,217.76373625317618,0.6328979591814349,1390301.0329831666,0.9497473056687336,7887.78571431522,0.6019966430940186
2021-05-06,15894.0,715.0,26608.0,4202.0,SPb,28048121.302199584,0.596711627212614,158.10989009933945,0.6310752769165082,1263344.1813348995,0.9485309073164487,7986.686813216243,0.5758532995505344
2021-05-07,17470.0,722.0,26428.0,4177.0,SPb,27110907.45604577,0.5673002285946462,139.0329670224247,0.49928787608755076,1143196.9011152012,0.9508616238407047,7118.554945084283,0.5463134657089761
2021-05-08,19646.0,726.0,26259.0,4154.0,SPb,26232379.763738096,0.6038326863179864,97.76373625320494,0.47913089419744503,1039122.6813350595,0.9463457427782542,6561.604395633673,0.5773564676854201
2021-05-09,16210.0,729.0,26130.0,4229.0,SPb,26232502.153847996,0.5866510864273918,88.84065933013643,0.4667216309353415,930751.4121043633,0.9154603656942686,7034.747252776472,0.5901558539103617
2021-05-10,12678.0,724.0,26092.0,4360.0,SPb,26842423.758243617,0.5652179819189406,78.55494504442746,0.43887775550662445,769234.840675862,0.8886903803434902,10039.500000029126,0.7397950399106603
2021-05-11,10772.0,717.0,25965.0,4462.0,SPb,27771590.5274744,0.6849155489387138,74.68131867080255,0.46780635883840754,616621.1428737307,0.8964527677151849,16374.417582446536,0.9518466250724339
2021-05-12,15986.0,734.0,25727.0,4430.0,SPb,27270008.461540367,0.5849012241951775,88.88461537410252,0.4450681635879827,521671.91759906773,0.9248474665950132,20661.763736292567,0.9203269471038192
2021-05-13,22201.0,741.0,25395.0,4430.0,SPb,26583941.30219972,0.4997098007035924,116.21978020927472,0.6281720721887863,488746.0274892391,0.9822750062008083,23250.74725277592,0.8805115612629537
2021-05-14,30133.0,739.0,24935.0,4464.0,SPb,37223321.653848,0.6303473124342415,136.06593405543262,0.6578974306435906,537830.0659508423,1.0697821562558862,24356.26373629223,0.7969534970465179
2021-05-15,27582.0,749.0,23974.0,4519.0,SPb,42011170.41758422,0.7609590045829658,171.67032965983162,0.9577644632096791,810934.5549619131,1.2661458198627868,20672.835164863383,0.8761125885953085
2021-05-16,23964.0,767.0,23636.0,4663.0,SPb,45451208.59340833,0.767587872591767,296.8626373521534,1.094123016425283,1122602.5274894687,1.159524484789715,24945.362637390564,1.1118125154291378
2021-05-17,15010.0,763.0,23694.0,4738.0,SPb,39916897.80219946,0.6584497633259024,330.9010988906314,0.9625684866775658,1296516.98902801,1.0454409779323874,34423.76373629141,1.1181213959052194
2021-05-18,12955.0,772.0,23391.0,4822.0,SPb,38382107.29670494,0.6130780943205778,392.86263735218705,0.9912977287662759,1458685.1044127105,1.0394725675297052,46555.41208793948,1.0919932098348777
2021-05-19,18333.0,784.0,22711.0,4813.0,SPb,32204813.208792742,0.6374629113797491,488.72527471484494,1.0441176470564584,1744824.5769402792,1.0755512191469903,52543.01648354355,1.0145588778993258
2021-05-20,25647.0,791.0,21961.0,4816.0,SPb,35106759.41208933,0.6343834215990684,590.6153846049765,1.055700728921232,2185957.6483689593,1.1028870628204948,54945.03846156519,0.9562554939737503
2021-05-21,24114.0,815.0,21467.0,4776.0,SPb,36507037.17033101,0.6442144310218856,850.7087911984091,1.151728454711525,2652209.8736437997,1.0848792401849054,50301.14285716923,0.8701503805817004
2021-05-22,23272.0,833.0,20938.0,4866.0,SPb,37438719.93956173,0.6489936724800839,1213.4505494401978,1.157185583743008,3137385.670347217,1.0687680157938768,43321.97802200393,0.8811724871593112
2021-05-23,23488.0,842.0,21326.0,4986.0,SPb,37070021.25824296,0.6103708175946515,1564.247252736933,1.0836885762277357,3212454.769248424,0.9721059240946475,41146.64285716826,0.9802781023715861
2021-05-24,14176.0,851.0,22023.0,5050.0,SPb,35441876.33516602,0.4446272202273803,1830.1098900996055,1.0240409923749207,2871396.554962801,0.8894674753933717,44027.961538486525,1.0310222119886279
2021-05-25,13842.0,844.0,21555.0,5097.0,SPb,31499119.19230884,0.5102911380854668,1781.9615384512888,0.9849996100751459,2498145.7857321296,0.8701076419263025,49334.747252771915,0.9888271113602931
2021-05-26,20157.0,839.0,21194.0,5103.0,SPb,29675452.571429666,0.507232559122106,1705.2307692205488,0.9459590929978436,2100611.6483695926,0.845749800030826,48776.379120903504,0.9286953200787681
2021-05-27,26832.0,836.0,20608.0,5146.0,SPb,32018509.5659351,0.46623394750503017,1560.642857132664,0.8917407826644732,1773701.631886183,0.8433343997522322,45086.225274749304,0.9031995636059228
2021-05-28,25190.0,840.0,20243.0,5131.0,SPb,27117470.74725385,0.42501550426338797,1313.6923076821438,0.8759589566546129,1506670.1154027726,0.9188341913403637,37554.98901101266,0.8492077496423981
2021-05-29,26263.0,846.0,19800.0,5113.0,SPb,25914245.60989123,0.4713724003006175,1090.3791208689836,0.9010978125320946,1516577.6318863833,0.9398170903901817,28423.054945078205,0.8844958604619397
2021-05-30,23735.0,829.0,20092.0,5113.0,SPb,25811662.41758354,0.5495701283453467,898.2472527371325,0.7892781809250414,1387241.1044139366,0.8291137219411406,23908.21978024273,0.8881825035133843
2021-05-31,15928.0,822.0,20061.0,5432.0,SPb,25035831.362638474,0.38005757277568936,626.263736253632,0.7230911807529927,1103847.1428755587,0.769625335988459,33616.59340661583,1.0711222492743198
2021-06-01,17334.0,817.0,19591.0,5432.0,SPb,20988937.60989117,0.4264753842747347,406.9505494404572,0.6646114437183687,878185.6044141084,0.811944528773366,41720.87912090108,0.9683188204876273
2021-06-02,21582.0,828.0,19383.0,5432.0,SPb,20255931.076924093,0.46365317194668043,248.84065933057906,0.49105737587485504,777541.0329856146,0.8962622836573695,45336.24725276879,0.9133496358472151
2021-06-03,28719.0,841.0,18946.0,5432.0,SPb,22871047.03296801,0.4568089348872426,120.26923075916434,0.4776021080337444,856577.1044142568,0.9817702738238275,44896.247252768386,0.8336677367576075
2021-06-04,27300.0,834.0,18691.0,5432.0,SPb,24750191.846154787,0.5098775491921822,89.05494504488391,0.564991334483839,1000959.6099088279,1.0275474952913046,37824.423076943815,0.815741639252807
2021-06-05,27158.0,857.0,18404.0,5432.0,SPb,26597066.725275617,0.5464817283019112,119.64835163829699,0.5455275843551873,1217881.1483704261,1.0068021524620432,31840.994505514933,0.8353009866834996
2021-06-06,25671.0,861.0,18325.0,5432.0,SPb,27348342.57692394,0.5894295813259393,158.37912086907124,0.671964303615394,1312181.8022166505,0.9067814414176587,28763.10439562458,0.8280251686337399
2021-06-07,17188.0,854.0,18250.0,5432.0,SPb,24175978.401099723,0.37440991440222365,164.5934065833578,0.6945320715000288,1109787.3022167387,0.9009065754549731,26269.609890129883,0.8150601096761176
2021-06-08,19117.0,846.0,17802.0,5432.0,SPb,19027143.64835241,0.439452992675231,166.37362636357813,0.6763079385837184,1017715.0769421011,0.9280880930574352,23974.307692327493,0.7758965591555034
2021-06-09,24254.0,852.0,16975.0,5432.0,SPb,18426302.840660054,0.45429991002395004,177.87362636358162,0.6999573196723932,1114960.708810333,1.0714270509143047,20671.653846173453,0.7500713163130682
2021-06-10,31168.0,859.0,16405.0,5432.0,SPb,22121956.64285781,0.48693844556600757,200.74725273721427,0.7513417415772952,1391088.5714477948,1.1177670618458246,17780.225274744713,0.6703398305435893
2021-06-11,31673.0,863.0,16139.0,5432.0,SPb,26695143.2087918,0.590330213723406,231.96153845150639,0.8012279355303101,1672595.912107232,1.0999561911626567,13419.032967052235,0.49999999999997136
2021-06-12,35378.0,867.0,15754.0,5432.0,SPb,35693901.91758291,0.753549826496835,271.5384615284354,0.8618397504701121,2026643.1428765575,1.0503562236637332,7268.642857161936,0.0
2021-06-13,27797.0,862.0,15476.0,5432.0,SPb,36251333.302198246,0.6042932374316625,268.0934065833898,0.7691580390464714,2205906.2637557858,1.011441146372895,1.8872714673097317e-08,0.0
2021-06-14,21610.0,865.0,15334.0,5432.0,SPb,30610418.53296741,0.4947796621503104,232.4175824075784,0.6516829174217839,2209724.2252943586,1.0027530278163475,1.8872714673097317e-08,0.0
2021-06-15,16502.0,902.0,15270.0,5432.0,SPb,31695501.96153885,0.5881547739617299,311.3461538361749,0.8294829482902669,2175892.219799955,0.9694731151025823,1.8872714673097317e-08,0.0
2021-06-16,23262.0,927.0,14697.0,5432.0,SPb,30919212.7307696,0.5722840799009704,577.3406593307102,1.2365320273442089,2188817.340679185,1.0000696688477502,1.8872714673097317e-08,0.0
2021-06-17,31264.0,946.0,13825.0,5432.0,SPb,32647896.98901133,0.5321237907616239,1000.2252747153569,1.1701276012278896,2442644.4890309535,1.0398340352602584,1.8872714673097317e-08,0.0
2021-06-18,39635.0,970.0,13261.0,5432.0,SPb,46614302.40109909,0.6777332563853145,1545.7197802099024,1.2487816926783915,2739086.6868332783,1.0460310206726329,1.8872714673097317e-08,0.0
2021-06-19,43336.0,996.0,12812.0,5432.0,SPb,66826491.14835166,0.8377707948342287,2417.1428571330193,1.2185735829385864,3022312.2692509913,1.019960907128352,1.8872714673097317e-08,0.0
2021-06-20,39787.0,1019.0,13319.0,5432.0,SPb,76644556.9505493,0.7735227801073327,3477.999999990209,1.1641506957202796,2819541.763756602,0.9092586027519282,1.8872714673097317e-08,0.0
2021-06-21,24313.0,1046.0,13860.0,5432.0,SPb,67638361.20879099,0.5678915555287736,4693.29670328697,1.1299597138565127,2257718.2472731867,0.8419123303148344,1.8872714673097317e-08,0.0
2021-06-22,29822.0,1065.0,12971.0,5432.0,SPb,59183116.95054911,0.5499559245051593,5770.247252737588,1.095029001856033,1891544.3736469245,0.8935828658914436,1.8872714673097317e-08,0.0
2021-06-23,35694.0,1092.0,12120.0,5432.0,SPb,58443288.37912042,0.5783382401769576,6954.4230769134865,1.0857739406496223,1891837.8077129705,0.9595423642842372,1.8872714673097317e-08,0.0
2021-06-24,40874.0,1143.0,11195.0,5432.0,SPb,65717455.41208735,0.6237683538637924,8805.104395594894,1.1104082757529534,2203178.24727353,1.0167034017147945,1.8872714673097317e-08,0.0
2021-06-25,39705.0,1194.0,10394.0,5432.0,SPb,70543981.30219716,0.6441633208315978,11243.956043946646,1.116429847212662,2672216.4615593757,1.0615102224658288,1.8872714673097317e-08,0.0
2021-06-26,43818.0,1247.0,9201.0,5432.0,SPb,79927499.10439487,0.7282939784457868,14225.494505485225,1.1021086015513655,3559859.917603483,1.11827745229615,1.8872714673097317e-08,0.0
2021-06-27,41087.0,1298.0,9042.0,5432.0,SPb,82574399.76373538,0.6767335709193691,17234.373626364475,1.0839686341784847,4188553.6318893465,1.035694180675173,1.8872714673097317e-08,0.0
2021-06-28,28590.0,1335.0,8963.0,5432.0,SPb,73155311.63186717,0.4503555149126441,19584.373626364613,1.079623764071337,4471152.989032352,0.9753680810580233,1.8872714673097317e-08,0.0
2021-06-29,32953.0,1374.0,7935.0,5432.0,SPb,47894981.91208678,0.3228155074061522,22260.76923076035,1.0667166801543226,4860270.708812744,1.016066954080313,1.8872714673097317e-08,0.0
2021-06-30,34541.0,1503.0,7347.0,5432.0,SPb,36100556.40109765,0.3007072856517326,29033.516483507763,1.1370052187777124,5313547.631889841,1.0402815715326084,1.8872714673097317e-08,0.0
2021-07-01,41946.0,1612.0,6877.0,5432.0,SPb,36301284.09340523,0.3292675512455706,38877.14285713432,1.1570792802774685,5913442.532988906,1.036432594215062,1.8872714673097317e-08,0.0
2021-07-02,45788.0,1671.0,5662.0,5432.0,SPb,41628260.74725132,0.37670973482242465,48448.48901098066,1.1109132308496155,7002061.9121099645,1.0677656564713076,1.8872714673097317e-08,0.0
2021-07-03,50396.0,1733.0,4695.0,5432.0,SPb,51740353.05494355,0.5514519253809542,57677.186813178654,1.081230117586945,8348101.346176089,1.0411829015426006,1.8872714673097317e-08,0.0
2021-07-04,41118.0,1784.0,5224.0,5432.0,SPb,52272102.18131716,0.5226761807943865,65297.76373625577,1.0529682736201362,8324305.604418037,0.9258863470925754,1.8872714673097317e-08,0.0
2021-07-05,26784.0,1828.0,6209.0,5432.0,SPb,47541861.4505479,0.39405546619301135,70711.60989010215,1.0228635142089177,6741767.719802831,0.8632736761691914,1.8872714673097317e-08,0.0
2021-07-06,29463.0,1869.0,5432.0,5432.0,SPb,48007147.148350105,0.5011236853876497,72982.2472527397,0.9975327444171257,5519331.296726084,0.8596519856009599,1.8872714673097317e-08,0.0
2021-07-07,33657.0,1906.0,4286.0,5432.0,SPb,49043140.72527321,0.51737823332469,72051.96153845418,0.9824870760579255,4790769.296726268,0.8863686630355809,1.8872714673097317e-08,0.0
2021-07-08,37625.0,1937.0,2735.0,5432.0,SPb,48314882.73076774,0.499205602871085,69137.71978021259,0.9656312169448279,4857891.494528664,0.9557836000669185,1.8872714673097317e-08,0.0
2021-07-09,43426.0,1951.0,711.0,5432.0,SPb,50465109.60439407,0.48168147183725213,63693.14285713581,0.9425444013934444,6073640.0274959225,1.1164921216971737,1.8872714673097317e-08,0.0
2021-07-10,40496.0,1978.0,2535.0,5432.0,SPb,48250430.76922928,0.4774672696373788,56957.499999993095,0.9228651354983267,5988227.324199377,0.8738978142810262,1.8872714673097317e-08,0.0
2021-07-11,41840.0,2007.0,3464.0,5432.0,SPb,48682723.10439409,0.5547708765875075,49177.97802197127,0.8889857394378925,5211107.719803903,0.7821504275095279,1.8872714673097317e-08,0.0
2021-07-12,18934.0,2029.0,4610.0,5432.0,SPb,68963188.07142718,0.4071245166167018,39362.83516482857,0.8341530908082858,4009847.1428809282,0.7351908204270178,1.8872714673097317e-08,0.0
2021-07-13,24967.0,1936.0,4624.0,5432.0,SPb,78575699.32417454,0.4979493096480531,25201.670329663866,0.7865156696150534,3214970.642881006,0.6966563747680948,1.8872714673097317e-08,0.0
2021-07-14,34446.0,1942.0,4568.0,5432.0,SPb,78604955.6703284,0.46615151465650795,16284.18131867496,0.7945984188855689,2592489.9121118407,0.6474470975471641,1.8872714673097317e-08,0.0
2021-07-15,38079.0,1954.0,4488.0,5432.0,SPb,76428280.86263612,0.4181653697233285,11052.708791202509,0.7591711564284159,2090603.016507501,0.6653280857430967,1.8872714673097317e-08,0.0
2021-07-16,39773.0,1948.0,4403.0,5432.0,SPb,70154470.61538345,0.3031690230021271,7002.72527471905,0.7197678820088917,1926773.912111926,0.6909017906630616,1.8872714673097317e-08,0.0
2021-07-17,38618.0,1957.0,4328.0,5432.0,SPb,53589813.75824074,0.2784561012464548,4334.417582411398,0.6656500127311183,1905155.1923317148,0.6737596620690719,1.8872714673097317e-08,0.0
2021-07-18,29250.0,1941.0,5709.0,5432.0,SPb,52379016.92307604,0.3346250128955022,2558.2472527411,0.5731927334629978,2004668.131892143,0.620771277690402,1.8872714673097317e-08,0.0
2021-07-19,21439.0,1938.0,6247.0,5432.0,SPb,60433197.7197794,0.40103825327880527,1499.3461538400247,0.47643298428045877,2016807.6703536804,0.7086348041393675,1.8872714673097317e-08,0.0
2021-07-20,23200.0,1934.0,6189.0,8207.0,SPb,67332167.51648277,0.5023302618052219,996.1318681257524,0.4231185373707167,2206710.6868371787,0.8011685244748865,550044.64285716,0.0
2021-07-21,28379.0,1939.0,6097.0,8207.0,SPb,69005989.51648283,0.4933982710155677,829.4999999938912,0.4460624880420758,2463006.9890349386,0.8189671121934459,1015467.0329670485,0.9166666666666653
2021-07-22,35982.0,1943.0,6014.0,8207.0,SPb,68002161.65384549,0.4145756983751674,814.0714285653211,0.4627915943700956,2423208.5769469487,0.6688805383585106,1396267.1703296842,0.9090909090909083
2021-07-23,30923.0,1940.0,5949.0,8207.0,SPb,58677740.26373574,0.34096489731656915,832.7472527411434,0.4914798010003656,1272805.63189188,0.7189996565163087,1692445.0549450677,0.8999999999999995
2021-07-24,37576.0,1937.0,5882.0,8207.0,SPb,55416389.05494457,0.23331474166379457,814.9505494444328,0.4071811169296143,832196.9890346582,0.7197253593304473,1904000.6868131983,0.8888888888888883
2021-07-25,31330.0,1934.0,5810.0,8207.0,SPb,46865291.362637,0.4813689797968249,591.5384615323329,-0.0332627075061781,604634.9890346027,0.8358451068623779,2030934.0659340764,0.8749999999999998
2021-07-26,22153.0,1929.0,6371.0,8207.0,SPb,41669029.45604356,0.46070724859362105,59.6703296641838,0.5665352390249322,625312.2252982972,0.8448995637115986,2073245.1923077018,0.8571428571428568
2021-07-27,19698.0,1923.0,6314.0,8207.0,SPb,48664958.681318335,0.6816589978066293,81.45604394989611,0.7739388968525103,607520.7967268287,0.8011292839694861,2030934.0659340743,0.8333333333333333
2021-07-28,26268.0,1918.0,6192.0,8207.0,SPb,48823036.72527447,0.5771966016132463,114.95054944439761,0.8669195972484529,538616.7967267903,0.7244253699595801,1904000.686813194,0.7999999999999992
2021-07-29,31243.0,1925.0,6066.0,8207.0,SPb,43864758.21978004,0.4663157244998578,104.59340658724992,0.7789559543166481,418896.8846388407,0.582895043086542,1692445.0549450608,0.749999999999999
2021-07-30,32350.0,1916.0,5950.0,8207.0,SPb,36299783.14835155,0.3634298907454013,119.3626373564749,0.7231347084228411,251047.3846388039,0.20683641832499078,1396267.1703296748,0.6666666666666657
2021-07-31,29099.0,1915.0,5860.0,8207.0,SPb,28938824.13186814,0.43084863510396026,95.82417581800645,0.949739624418221,39463.03299041584,0.1844048384242766,1015467.0329670355,0.4999999999999998
2021-08-01,32262.0,1911.0,6004.0,8207.0,SPb,29938013.75824173,0.4530826725044697,113.29670329052902,0.9930188423390883,30365.03848491436,0.4243755960309157,550044.6428571435,0.0
2021-08-02,20299.0,1914.0,7023.0,8207.0,SPb,31305587.82417581,0.28836625861058224,120.15384614766789,0.945652173906191,94807.1483750059,0.2537292163753015,0.0,0.0
2021-08-03,20285.0,1910.0,6955.0,6212.0,SPb,34345820.70879122,0.44908577713147274,135.45054944436683,0.9379714576900137,144504.5549683943,0.6927809478079789,284287.5,0.0
2021-08-04,24939.0,1906.0,6836.0,6060.0,SPb,35211528.84065939,0.4415900231543334,143.6098901037013,0.8970283344793856,174344.72529804712,0.7153146226684928,566476.4395604397,0.9928571428571402
2021-08-05,30403.0,1911.0,6704.0,5903.0,SPb,30731315.956044056,0.4119812595972,117.93956043336571,0.8061191626352766,185377.14288044843,0.6941982013629289,840779.0329670334,0.987101545948844
2021-08-06,29733.0,1909.0,6526.0,5779.0,SPb,30255852.109890223,0.34404849437695145,94.26373625753575,0.7665804167166241,179800.53299032492,0.6438345728656005,1089875.8241758249,0.9740325184198974
2021-08-07,29273.0,1904.0,6351.0,5613.0,SPb,22549892.554945253,0.3245297595061533,77.76373625752937,0.7377049180241486,163841.64837492927,0.5716811981505748,1317549.2087912099,0.9678472051329711
2021-08-08,25324.0,1907.0,7238.0,5567.0,SPb,21213656.554945316,0.4050318673008242,55.362637356425,0.6558666975138552,189890.87914412643,0.643199902598188,1482679.7582417594,0.9463291237552046
2021-08-09,20576.0,1895.0,8289.0,5579.0,SPb,22486304.2197805,0.3397087187921379,60.219780213560156,0.7966804979087826,427448.8791440813,1.0428276741541669,1568566.2637362652,0.9210570945157877
2021-08-10,17737.0,1811.0,8079.0,5481.0,SPb,24829300.554945353,0.5834064385581076,761.7582417519955,2.9104121991448237,574089.3461770068,0.8934850009844567,1598013.0549450568,0.9026563772143154
2021-08-11,21706.0,1804.0,7809.0,5303.0,SPb,26418079.719780568,0.5662599761900057,1439.4945054882326,1.0915475055597241,629627.0769461996,0.8206851523135774,1579312.5714285737,0.8829492232571263
2021-08-12,30910.0,1801.0,7273.0,5142.0,SPb,26161894.76923112,0.39705614901016656,1976.3736263673272,1.0176249188832693,590890.3351879296,0.721176812446919,1497012.269230772,0.8511912759950525
2021-08-13,27160.0,1810.0,7040.0,5002.0,SPb,23066772.68131908,0.36833429489469577,2301.3626373563156,0.9425279503101787,512889.45606702496,0.6402548819358849,1335054.1098901131,0.7979844086979211
2021-08-14,25135.0,1823.0,6916.0,4841.0,SPb,22112189.20879165,0.2924147386588889,2398.417582411241,0.8955544172751829,407486.730792275,0.5592925667575273,1085119.3626373664,0.700983312594388
2021-08-15,26302.0,1668.0,6980.0,4860.0,SPb,18366820.417582918,0.4990151702760007,5179.565934059535,1.1191447987559195,314788.18134170276,0.6979496711898966,708250.8406593453,0.4420515087781376
2021-08-16,18502.0,1383.0,6525.0,4957.0,SPb,19892818.994506013,0.4003937860911754,20517.29670329018,1.804725950038775,341789.6318911649,0.7160865307599393,200250.84065934626,0.9021934192560369
2021-08-17,17249.0,1156.0,6313.0,4833.0,SPb,22686239.25824231,0.5852542109213574,50370.725274718585,1.4940052224625062,386405.1044186524,0.7589261185261251,174405.95604396204,0.9132488394846033
2021-08-18,21433.0,1636.0,6123.0,4614.0,SPb,23402542.027473114,0.5418948192865353,49655.67032966358,0.6790350847342164,447593.82419888873,0.8042359609390889,166127.20879121518,0.9617816480377505
2021-08-19,27890.0,1563.0,2299.0,4535.0,SPb,21528437.75824237,0.423218060703739,49372.6813186745,0.6724042524209373,2042228.0274956946,1.4254298763187019,161978.10989011658,0.9645252251654635
2021-08-20,26711.0,1691.0,2105.0,4344.0,SPb,19612655.802198444,0.37098369614267335,46404.5274725206,0.6219892292217526,3554768.7252979954,1.0709402666237058,170296.37912088603,1.024645339678769
2021-08-21,26344.0,1665.0,1909.0,4068.0,SPb,17846388.335165504,0.4017573076419904,43120.24725274033,0.5854371876357927,4984946.28573766,1.0294745264027665,206485.03296704026,1.068351259705542
2021-08-22,23001.0,1481.0,2911.0,4158.0,SPb,17681544.681319375,0.40844261884416905,41640.95054944356,0.5416352882775881,5540870.686836662,0.9017056468868199,211850.071428579,0.9437165185332587
2021-08-23,16430.0,691.0,2688.0,4281.0,SPb,20849863.20879195,0.3638143340075583,100954.48901098182,0.7902844338730349,5598204.000023605,0.888122988054934,184007.25824176607,0.8701703845068686
2021-08-24,16945.0,600.0,2448.0,4102.0,SPb,21575195.956044707,0.49496919769752973,160845.75824175082,0.9063958418719873,5503250.489034726,0.874373302400008,163526.83516484327,0.9018926955040965
2021-08-25,20528.0,1385.0,2911.0,4060.0,SPb,21956958.571429335,0.5347136250301169,152739.7197802123,0.5446389939678624,5064583.456067807,0.8444963965954155,148194.22527473362,0.9074995140749592
2021-08-26,27073.0,1301.0,3251.0,3935.0,SPb,18446335.478022784,0.458024174663861,143888.07142856388,0.506949951594189,4567888.554968999,0.8098761853425096,143611.60439561296,0.9364779288526436
2021-08-27,25778.0,1395.0,3317.0,3820.0,SPb,17678581.324176643,0.47176671612719107,131166.72527471764,0.4436864211570441,3997512.6813427126,0.769312041104598,146793.91208792088,0.9759995468204578
2021-08-28,25671.0,1406.0,3309.0,3705.0,SPb,17890937.45604477,0.46571611653421585,115707.93956043186,0.4075775009521955,3336262.379144994,0.6974783883147985,159502.1318681408,0.960903161801006
2021-08-29,25000.0,1318.0,3932.0,3786.0,SPb,17319946.071429398,0.5778507513594258,107800.24725273949,0.42454988290850404,2504962.2472769334,0.6093507565363233,150213.80219781122,0.8440644218578907
2021-08-30,16346.0,549.0,3884.0,3912.0,SPb,19062302.07142942,0.4246195281380084,151149.91758240966,0.4384852818962607,1804299.1428813909,0.45925350122308944,111083.71978022878,0.7621451180704458
2021-08-31,17877.0,513.0,3000.0,3815.0,SPb,18573490.33516568,0.518345194018241,192361.97802197002,0.6275188799125652,1096281.917606743,0.08393542574801845,78731.45604396496,0.7728388485119088
2021-09-01,22085.0,1312.0,3239.0,3749.0,SPb,18482303.478022814,0.5101242404793577,179530.15384614578,0.423839748498274,370876.68683757965,0.6789521104948538,61255.60439561324,0.7156053163342252
2021-09-02,29215.0,1330.0,3236.0,3674.0,SPb,19667428.615385436,0.4555351184704669,170575.01648350837,0.36728227476065034,340743.3846397556,0.606622831690373,45894.796703305474,0.7484939822650915
2021-09-03,27102.0,1437.0,3232.0,3559.0,SPb,19914452.53296785,0.46410276020119795,155541.56593405778,0.29781554664911936,274553.80771665234,0.43316125346443923,43268.06593407464,0.9569702326762847
2021-09-04,26803.0,1494.0,3463.0,3522.0,SPb,20178778.527473338,0.5240754860910036,144613.5384615303,0.28650757876147775,164578.42310123143,0.5842166422739697,50594.06593407461,0.9200312193600293
2021-09-05,24455.0,1357.0,4353.0,3579.0,SPb,20364299.340660136,0.5190152850039299,139549.97802196984,0.41771903681791744,248658.11540889,0.6391192796413644,48236.708791217425,0.7677369808201743
2021-09-06,14077.0,690.0,4413.0,3668.0,SPb,23120218.26923159,0.370138388087658,139620.53296702477,0.22964698510826814,297593.1428813772,0.6274364677222413,31729.494505503066,0.7530221196634058
2021-09-07,16966.0,626.0,4143.0,3649.0,SPb,23101390.153846975,0.4600950765297615,137472.53296702477,0.5116954917219222,247329.87365056833,0.6098693599974798,23777.10439561288,0.6761037665252955
2021-09-08,20917.0,1430.0,4573.0,3635.0,SPb,22977185.87362719,0.48714267819803514,139237.67032966216,0.32964123343716034,281556.11540877126,0.7282013939745088,16096.747252755655,0.6714313948317272
2021-09-09,27136.0,1380.0,4788.0,3655.0,SPb,23018770.37362719,0.4342554712344285,141468.335164827,0.33460100352882827,351810.5274966474,0.8065631607056765,12213.670329678685,0.6981115350144277
2021-09-10,31148.0,1504.0,5117.0,3697.0,SPb,27525380.593407355,0.5186890864205514,146261.3406593325,0.3468803455823608,455775.3626614405,0.8800047222602505,10926.225274733608,0.7513805925652365
2021-09-11,29285.0,1629.0,5452.0,3613.0,SPb,29832264.307693038,0.5582507428750272,157993.34615383804,0.4043898051240219,587028.225298753,1.0032341367413369,11262.884615392932,0.7318942653769531
2021-09-12,27939.0,1597.0,6715.0,3635.0,SPb,31146465.60989081,0.6101054831643535,169326.57142856333,0.5051845512555135,1085903.912111875,1.207611189314831,10417.450549458848,0.5826109285833401
2021-09-13,17600.0,805.0,7219.0,3707.0,SPb,29846219.19230838,0.4619003057924424,148233.29670328865,0.20210102281506473,1688604.3791447638,1.1312052465374887,5746.379120887393,0.4757274781686137
2021-09-14,18008.0,839.0,7319.0,3699.0,SPb,29728930.285714976,0.5356777827430079,120279.69230768431,0.4220394566705358,2027028.8791446628,1.0567528281259622,3835.565934074188,0.41117808093115044
2021-09-15,22006.0,1609.0,7988.0,3832.0,SPb,29749817.10439629,0.5441888763364867,129641.7197802118,0.27618562226941207,2494231.324199497,1.0601037375118219,5645.604395612659,0.7059968020260011
2021-09-16,32152.0,1653.0,8585.0,4033.0,SPb,32830229.846154504,0.4928027780779398,140263.45054944258,0.32995315407992204,2968088.065957613,1.0452683393696922,16082.247252755556,1.3587114661394275
2021-09-17,30753.0,1738.0,9223.0,4110.0,SPb,35541017.10439622,0.5371694613240608,153575.2582417503,0.3849210117504749,3417709.3241992304,1.0454468364179803,27734.989010997382,1.1588777301130109
2021-09-18,27869.0,1791.0,9850.0,4183.0,SPb,36043864.532967634,0.5455778442114043,168247.3846153767,0.4586334301695211,3884205.978045235,1.0863821118289854,39142.68681319527,1.1369704519896804
2021-09-19,25656.0,1834.0,11143.0,4215.0,SPb,36174067.45055004,0.5435220957350435,186334.0714285635,0.5252926484793781,5028731.362660461,1.115653296225861,49940.70879121733,1.0983205933705462
2021-09-20,21170.0,1137.0,12064.0,4372.0,SPb,28509769.17033019,0.45394506020934133,154113.2307692229,0.2357251129687951,6288666.093429512,1.082463987579849,70031.78571429431,1.1313984378388968
2021-09-21,19308.0,1060.0,12314.0,4361.0,SPb,26042742.40109939,0.49240033363345376,116021.3846153768,0.41091853959243513,6911323.230791958,1.0376551259983766,83168.57692308562,1.0389932002197808
2021-09-22,25176.0,1521.0,12971.0,4472.0,SPb,24618762.13186858,0.49441534436009016,116626.8846153768,0.3484822721801728,7488939.516506048,1.0190932923840068,97733.29670330553,1.0467049429972572
2021-09-23,34279.0,1698.0,13662.0,4473.0,SPb,30201880.07142894,0.4624003502550401,121134.7967032889,0.36383614636224615,7875592.373648698,1.0058678206951652,105850.37362638256,1.0086569113276405
2021-09-24,31107.0,1874.0,14153.0,4522.0,SPb,30168784.28571466,0.4807533139692717,133519.6318681241,0.4094443850907733,7950064.901121016,0.9804710007898171,112364.2472527563,0.9636304402824646
2021-09-25,28005.0,1907.0,14502.0,4602.0,SPb,29615120.989011373,0.471399789079634,145213.9615384538,0.4659044787355754,7601490.7252966305,0.9994709438682197,110011.29670330595,0.9456344317812316
2021-09-26,27989.0,2055.0,16131.0,4764.0,SPb,29631847.912088297,0.5347628309360829,166714.796703289,0.5832212866664462,8378155.516505203,1.0401354405425343,110166.37912088863,0.9716203431854412
2021-09-27,17623.0,1527.0,17077.0,4966.0,SPb,29602901.148352034,0.36812384518709945,122617.25824175062,0.2955713306463924,9246851.142878603,1.0218597249068286,120355.9780219878,0.9778756630178056
2021-09-28,18241.0,1530.0,16699.0,4970.0,SPb,29327719.186813574,0.46909603536895683,77015.05494504739,0.4588267525772187,8881340.373647617,0.9608217909936934,112583.32417583428,0.9508892147208643
2021-09-29,25034.0,1933.0,16682.0,5040.0,SPb,28210753.20879156,0.500675969963244,83060.68131867379,0.4215738899235512,8115217.450570492,0.9270784896857416,107605.30219781272,1.006490749324049
2021-09-30,34712.0,2077.0,16777.0,5108.0,SPb,31091625.29670362,0.4413541770831306,95361.34065933316,0.4953983579996213,7069342.109910961,0.8990585844960532,111934.83516484608,1.0018496700818218
2021-10-01,30967.0,2281.0,17056.0,5274.0,SPb,31244508.307692632,0.46971135919849055,120300.55494504748,0.614539153822277,5932136.840680012,0.8718639963712798,124060.90109891235,1.0361053101472602
2021-10-02,31033.0,2494.0,18317.0,5281.0,SPb,32760307.692307986,0.5064247767671168,162159.95604394862,0.7564295586417397,5174247.296723772,0.9341699148485667,128609.75824176976,0.9801183221635141
2021-10-03,27352.0,2463.0,20277.0,5467.0,SPb,32758593.05494533,0.4784953667178007,195590.26923076189,0.812065075080387,5758923.670349932,1.0425094843849703,138625.75824177003,1.0490872361946861
2021-10-04,18992.0,2198.0,22038.0,5648.0,SPb,34907225.95604425,0.39517260846138097,163614.52747252022,0.634455489648386,7407921.802217832,1.0926972434421016,164285.97802199007,1.0494449703451911
2021-10-05,19319.0,1894.0,22307.0,5747.0,SPb,34895206.4010992,0.5085764694119267,105353.67032966313,0.6370619819693033,8362692.554964851,1.0341999821658823,181268.28571429808,1.047421246688893
2021-10-06,26375.0,2187.0,22764.0,5889.0,SPb,34769094.00000028,0.47453235067949817,91967.80219779506,0.611025077288015,9072900.285733853,1.0141765614487575,204384.0714285842,1.0282207990597998
2021-10-07,35208.0,2418.0,23374.0,5896.0,SPb,35942252.554945335,0.4530938365730972,94610.43956043248,0.6560593220697171,9708342.571447913,0.9994369162360268,206268.37362638686,0.9738150229248806
2021-10-08,30795.0,2501.0,23792.0,6083.0,SPb,35731350.84065962,0.46664558239204745,104763.01648350948,0.6955441285463663,9988138.379139997,0.9712369363349684,211080.02747254123,0.9873892396376963
2021-10-09,31781.0,2717.0,24570.0,6107.0,SPb,37597317.258242,0.4944971933193134,126997.96153845465,0.7905475626865243,10063039.873645253,1.0165496310479867,202405.60439561866,0.976469219669702
2021-10-10,26951.0,2822.0,26882.0,6284.0,SPb,37486924.247253,0.49499943546604797,156333.60439559765,0.8084078545531523,12172421.516502142,1.0891218561586937,208017.91208792684,1.0312035631715546
2021-10-11,23927.0,2931.0,29379.0,6533.0,SPb,31481844.68681338,0.3835491174421998,148033.0329670264,0.7494881631688273,16286021.05496339,1.1137511527111186,241587.87362638893,1.045390078082059
2021-10-12,20746.0,2158.0,29016.0,6631.0,SPb,28480510.593406763,0.4747550293395387,100111.80219779575,0.5088505322086281,18036456.247270785,1.0068600299770698,260744.13186814764,1.0191275279174283
2021-10-13,20393.0,2470.0,29437.0,6694.0,SPb,31687518.093406804,0.603966146247176,85232.18131867496,0.43012547106576426,18488417.758259483,0.9637994612702836,266614.9230769392,0.9855374844745138
2021-10-14,37231.0,2345.0,29711.0,6863.0,SPb,35114202.373626575,0.3369420599644987,77012.53296702667,0.42240214870801734,17488235.802215207,0.9175820930476811,271966.7087912252,1.0113420285663655
2021-10-15,34422.0,2632.0,29922.0,6975.0,SPb,37958901.30219797,0.4033891391996902,78310.46153845527,0.42083925007818374,15154399.95606104,0.8977592593098541,281228.7472527641,0.9760616542838285
2021-10-16,35093.0,3088.0,30698.0,6979.0,SPb,41364259.7637364,0.48889128978063184,107990.87912087292,0.5266787285125593,13131058.840676116,0.9300846081148482,260199.67032968765,0.9600298493893721
2021-10-17,33968.0,3323.0,33032.0,7175.0,SPb,44079509.78571437,0.513211109224058,157587.36263735653,0.7313634984210103,13498080.461554918,1.0158825203016864,257271.67032968812,0.9977179726960794
2021-10-18,21241.0,3097.0,35722.0,7413.0,SPb,41244917.1428572,0.2940330122307942,166789.76373625768,0.6043773832389046,16589160.725290848,1.0646875439861436,277452.79670331505,1.0241718787835434
2021-10-19,22245.0,3220.0,35778.0,7448.0,SPb,37773427.14285718,0.37683774884403504,145690.33516482922,0.6340215550668841,17958983.785730083,0.9945712181954496,282041.7582417772,1.0000602473503974
2021-10-20,28340.0,3274.0,35907.0,7523.0,SPb,37377112.554945074,0.38474811328728753,142996.7252747194,0.6773941303509101,17965988.57144405,0.9525471478282334,283783.49450551404,0.9591546675435227
2021-10-21,40415.0,3280.0,36132.0,7639.0,SPb,44496197.34065933,0.38630661114128295,147344.61538460958,0.6863036270592049,16976612.68133385,0.9095305166300416,269791.6098901301,0.9744183095167351
2021-10-22,37511.0,3233.0,36175.0,7699.0,SPb,49458361.91208785,0.4566402775837758,146652.83516482942,0.7073498907394407,14744883.104410473,0.8651229658481034,257698.24725276817,0.929860295897573
2021-10-23,38216.0,3360.0,36581.0,7683.0,SPb,54584970.84065923,0.5326456244765772,158152.64285713714,0.7422874727128423,12064252.285728864,0.8986761431346698,219233.4560439775,0.9065997647899975
2021-10-24,35994.0,3297.0,38574.0,7656.0,SPb,56114778.13186796,0.5201473332258667,165264.59340658772,0.7472883908476489,11803944.681332977,1.008794866837231,179354.99450551654,0.9168024775927385
2021-10-25,23321.0,2693.0,40100.0,7767.0,SPb,56772075.03296687,0.3670858239025765,171073.3626373569,0.6479079600195946,13562718.840673385,1.004791205193103,159990.68681320938,0.9142866299144154
2021-10-26,24233.0,2735.0,39834.0,7974.0,SPb,52326092.554944865,0.30080510702814217,123470.86263735696,0.6587401133567997,13533712.33517863,0.9462028230871936,151408.76923079242,0.9220120305406089
2021-10-27,28716.0,2913.0,39452.0,7969.0,SPb,43818203.0549448,0.4900665545376428,101138.30769230207,0.4967793173157171,12390516.59342016,0.8859761797270718,130609.45604397976,0.9122403598699071
2021-10-28,41225.0,3186.0,39414.0,7870.0,SPb,48481483.34065905,0.43146876949496143,62382.99450548896,0.3605115923373313,10407852.48902433,0.8184068803472101,106978.15384617799,0.852489592968496
2021-10-29,39344.0,3452.0,39373.0,7845.0,SPb,52211439.84615351,0.47437470308818813,51993.32417581869,0.492437505917929,7605630.989024113,0.7362307558955481,83411.6703296948,0.7517977206383194
2021-10-30,36461.0,3578.0,40271.0,7808.0,SPb,52968079.1428568,0.4821811125117762,64194.86263735716,0.6260334844966059,4999302.840672243,0.7774596373094994,51112.5549450797,0.7137395651239545
2021-10-31,31329.0,3597.0,41902.0,7782.0,SPb,52760192.64285683,0.49565448016210145,75221.10439559893,0.735317433428522,4390879.324188519,1.0054668733169094,30611.29670332168,0.7724360401922367
2021-11-01,26535.0,3250.0,43972.0,7989.0,SPb,45964907.32417547,0.4031277653471228,74275.36263735718,0.6348779181074079,6069708.994518002,1.0923980939330815,27129.97802200321,0.7285856984376918
2021-11-02,24883.0,3066.0,43821.0,7969.0,SPb,42332352.33516446,0.4691740331023582,75949.05494504949,0.6292493638332171,6927614.263748591,0.9878664241917845,21441.91758244296,0.6690497136237182
2021-11-03,31156.0,3269.0,43678.0,7973.0,SPb,41049401.302197404,0.5215045120349189,75900.18131867585,0.6035593091641446,7072914.884627537,0.9297847231643843,16862.79670332223,0.684796816701364
2021-11-04,38263.0,3271.0,43520.0,7852.0,SPb,38862330.796702914,0.4816165702557534,75805.97802197257,0.6067728535135479,6633775.412099897,0.8668967686733439,13837.494505520104,0.5890800074595512
2021-11-05,33347.0,3363.0,45154.0,7959.0,SPb,36990772.9505491,0.4217277873332566,77530.26373625829,0.6106865023414522,6450889.956055737,0.8795594927311045,12808.92307694878,0.4979100825271789
2021-11-06,22156.0,3138.0,44906.0,7806.0,SPb,40942062.401098676,0.3661661866231286,76147.03296702751,0.5849600391320832,5590990.642868741,0.9219058401764432,10464.489011014764,0.22083650341663927
2021-11-07,24365.0,2551.0,46017.0,7797.0,SPb,42045603.38461526,0.5074375410745746,104831.14285713738,0.6775692438849513,5954511.670341108,1.008617852817923,7181.978022003828,0.09491569072731959
2021-11-08,17517.0,2597.0,47391.0,7909.0,SPb,50755812.87912079,0.5977681897578543,112198.87912087365,0.7141835757862882,7346812.247264029,1.0301605254972779,6091.230769256615,0.2120801221249952
2021-11-09,23546.0,2680.0,46829.0,7875.0,SPb,51395504.247252665,0.596793338816856,115845.49999999451,0.7679176091711555,7687991.450560589,0.9317582384169597,5557.609890135707,0.1289597296824358
2021-11-10,32895.0,2942.0,46864.0,7817.0,SPb,51870555.5164834,0.5528352986892251,114908.4175824121,0.7520969027401299,7264937.296714282,0.8800110786879357,5265.302197827982,0.1610338656387417
2021-11-11,45315.0,3230.0,46891.0,7818.0,SPb,59992711.23076908,0.5635877460567593,115367.75824175277,0.7091753520084253,6220170.335175667,0.8034449806972965,5499.016483542257,0.19921729197861893
2021-11-12,38720.0,3421.0,46441.0,7707.0,SPb,59172267.80219766,0.5476426413247761,113956.57692307144,0.6717957802159487,4400742.862648047,0.7236294764420389,7418.88461541035,0.2967231690024025
2021-11-13,35245.0,3273.0,45762.0,7562.0,SPb,58155878.879120745,0.5724834896108698,100025.45054944503,0.5953052235477003,2700855.9780325484,0.6893429393736652,13766.22527475095,0.6890353623569773
2021-11-14,32775.0,3144.0,47251.0,7573.0,SPb,58517108.7472526,0.575167023317613,81280.70879120317,0.6490936708402024,2010100.2252851839,0.8221181208392166,18877.53846156408,0.8735691657866448
2021-11-15,19627.0,2968.0,48998.0,7498.0,SPb,66118186.10989002,0.5201778873418778,79818.0274725218,0.6590852634039263,2550257.148361999,0.8894349286692161,24011.456043981532,0.937141937014771
2021-11-16,15960.0,3131.0,48632.0,7407.0,SPb,78811153.60989009,0.657011081059818,80127.67032966467,0.6462896569843244,2615945.8022080516,0.7867901344512058,31434.796703322012,0.9791941548198577
2021-11-17,28458.0,2793.0,48768.0,7217.0,SPb,78581082.4010989,0.5275517901494865,81728.28571428,0.6048259382185841,2405801.5164936595,0.6964320729844888,46762.48901101404,1.170355832430946
2021-11-18,32830.0,2645.0,47485.0,7027.0,SPb,73077722.0659341,0.5263501990395595,87073.36263735685,0.5988057208204579,1605329.0164935752,0.6593751521898213,76059.05494507964,1.1745360422627413
2021-11-19,31780.0,2714.0,45697.0,6917.0,SPb,72149291.78571434,0.5783735541013668,80030.642857137,0.6197214916690796,1475823.5164935635,0.5047618137503738,102612.87912090341,1.1729809253707928
2021-11-20,31627.0,2637.0,44082.0,6658.0,SPb,69084902.90109888,0.5707337053838869,83066.92307691718,0.7511581204094452,1789160.8351748998,0.7379959752095949,154436.87912090297,1.2021289808341322
2021-11-21,29256.0,2496.0,44890.0,6739.0,SPb,67055487.258241706,0.5085406867323805,86312.22527471937,0.7988106678087674,2039274.3351749245,0.7724101545850061,183514.43956046298,1.028726970138301
2021-11-22,16477.0,2215.0,45955.0,6765.0,SPb,69079178.68681315,0.5191531078945298,114840.48901098307,0.9596712307854436,2068325.7197903404,0.721650076349496,188970.43956046252,0.9769640381594275
2021-11-23,19261.0,1060.0,42102.0,6706.0,SPb,74386904.59340659,0.623515813460451,351591.91758241155,1.538416788553599,3609249.802208028,0.8399711104898084,188051.93956046193,0.9631439312265
2021-11-24,26580.0,1387.0,40269.0,6520.0,SPb,73744544.18131873,0.5205044437529035,481263.5384615323,0.9781343909317981,6260983.34616422,1.0382035627024448,193802.92307694486,0.9605887607971564
2021-11-25,35762.0,1538.0,36830.0,6217.0,SPb,56065772.87912099,0.43561563452944463,535035.670329664,0.8874216787949447,12026212.74726335,1.2255116102808399,212601.4780219991,1.0212630344882867
2021-11-26,32493.0,1704.0,35015.0,5984.0,SPb,48727048.09340675,0.40066214685371015,510290.1153846091,0.844647889053644,19215426.8351757,1.1744053950657596,246957.340659361,1.068533374397246
2021-11-27,32447.0,1879.0,33508.0,5964.0,SPb,46048593.41208809,0.3960279909356624,463476.2252747189,0.806358521067349,27391807.3406705,1.1207979859214736,269943.9560439757,0.9907946463529183
2021-11-28,29325.0,2072.0,34430.0,6054.0,SPb,44111589.01648372,0.49365541175025657,407673.32417581766,0.7793497277975563,31802301.785725754,0.9983470051665106,253977.7637362828,0.9190589577837267
2021-11-29,19198.0,2181.0,35619.0,6130.0,SPb,44629658.37362658,0.3332934608825083,362723.5164835099,0.710390560203186,31457167.692319486,0.9363437981983307,217793.41208793054,0.8627541191289227
2021-11-30,19868.0,2103.0,35099.0,6009.0,SPb,38934628.747252926,0.5594336044387166,287035.60439559777,0.7070052823606261,30029287.478034113,0.9026747045514757,182367.1703296881,0.8737913930120886
2021-12-01,28226.0,2419.0,34690.0,5916.0,SPb,38905202.98901117,0.4682669250991334,257251.23076922412,0.6883477924760724,26703785.412100397,0.8879054660618131,158427.34065935772,0.8939360357984636
2021-12-02,37381.0,2623.0,34150.0,5878.0,SPb,44109921.63186828,0.4656944246496779,255356.57142856478,0.6761609940365572,23415242.527485352,0.889597985335507,141968.86263737912,0.8803821479677296
2021-12-03,35102.0,2609.0,32676.0,5867.0,SPb,46914711.7857144,0.500315081755277,245796.37912087247,0.6783594795659049,21585792.027485676,0.9077000209332384,124015.01648353241,0.9263431205439876
2021-12-04,35072.0,2528.0,32387.0,5739.0,SPb,49646767.14285724,0.546812163569368,237068.59340658673,0.6883104371649231,20067305.516496968,0.8429839293108233,125716.68131869673,0.8964840970580488
2021-12-05,32940.0,2420.0,33785.0,5846.0,SPb,51147976.901098974,0.5741093915310278,232361.6043955977,0.7188420666503132,15349816.093420336,0.6686675520181522,105565.30219781707,0.7817188000429507
2021-12-06,18641.0,2412.0,35348.0,5869.0,SPb,47452816.10989017,0.3925934642191536,240052.18131867464,0.7951899361029646,7434254.923090948,0.612277397706977,73161.60989012427,0.6601053080710357
2021-12-07,21403.0,2381.0,33842.0,5956.0,SPb,44658353.49450554,0.49387906161320344,160088.1318681253,0.7993059337617494,3818916.461552707,0.4144043982381446,37639.63186814582,0.4972617246023118
2021-12-08,30187.0,2209.0,32475.0,5888.0,SPb,44306670.994505525,0.4609796194196094,110451.97802197155,0.7319067606321046,1638566.3736408264,0.3984624457913522,15255.719780233396,0.49123686898159125
2021-12-09,37365.0,2111.0,31571.0,5808.0,SPb,46121804.263736285,0.4746810935250486,73795.71978021339,0.6883505124790013,1547111.7857288776,0.5985614517204444,10480.307692321125,0.6979621552098938
2021-12-10,36427.0,2267.0,30917.0,5793.0,SPb,49183623.49450549,0.5116433065470858,48210.15384614759,0.6333948730662969,2043465.1483663474,0.8207470497623002,11264.247252760593,0.7249708272483434
2021-12-11,33850.0,2045.0,30142.0,5645.0,SPb,49951349.71978021,0.5286579375768543,39401.20879120257,0.6817524238018781,2903977.500014786,0.936257371970293,15802.109890123053,0.8075795888001017
2021-12-12,31044.0,2012.0,30808.0,5603.0,SPb,50078640.7252747,0.5165955535825137,41881.64835164212,0.7759733207175101,3248425.7197950976,0.8203893063492156,18644.40109891398,0.7447996438816817
2021-12-13,18051.0,1968.0,32029.0,5871.0,SPb,52037206.24725273,0.39129744557531854,49302.70879120252,0.8098701693800687,2782041.3241907908,0.7316973301417125,12412.747252759958,0.4290010031421259
2021-12-14,12128.0,1989.0,30858.0,5878.0,SPb,68003295.25824179,0.7177895570960925,53569.56593405964,0.9269860045986636,2600260.8791359514,0.723926324200282,10128.884615397234,0.41717756578134146
2021-12-15,30382.0,2055.0,30428.0,5864.0,SPb,68035540.489011,0.4516546848872078,55541.56593405956,0.8428162072533274,2493523.538476716,0.7328617505464448,9598.027472540054,0.41188127614862924
2021-12-16,36922.0,1992.0,29935.0,5775.0,SPb,67478801.23076925,0.43857520233635305,48666.43956043304,0.8021404705536165,2526571.917597699,0.8271151919816523,9465.032967045465,0.37592674984437513
2021-12-17,34859.0,1984.0,29643.0,5779.0,SPb,67264281.63186815,0.4362666108348518,38601.19230768564,0.7676866950530615,2841587.2967186538,0.8540987770622566,9306.439560451989,0.4229123235470511
2021-12-18,32799.0,1997.0,29221.0,5785.0,SPb,65591690.83516487,0.4355570650206618,29454.571428564646,0.7493428642187299,3235736.901114337,0.8512776938019593,8968.2637362762,0.46775393164557294
2021-12-19,26647.0,1955.0,30189.0,5935.0,SPb,64674883.71978028,0.47638757637410467,24265.478021971132,0.6670887151508184,2895341.912103437,0.6457888918757801,10007.412087924607,0.42445280017929415
2021-12-20,17808.0,1958.0,31239.0,6045.0,SPb,66003523.29670335,0.46960470502863033,17081.30219779521,0.5055117011667881,1506522.489026614,0.5345460444991963,13606.708791221406,0.5429674373175796
2021-12-21,18117.0,2075.0,30946.0,6084.0,SPb,70394088.7252748,0.5941884657054075,8936.994505487455,0.4025551784950484,816988.0714442673,0.4811830585458588,17251.192307704998,0.7446462111647778
2021-12-22,26481.0,2166.0,30394.0,6054.0,SPb,70314959.5164836,0.5220648600240323,7977.999999992941,0.43832666980655977,571784.5274882735,0.4362013737818458,20458.09340660618,0.7878016457821272
2021-12-23,33832.0,2198.0,29904.0,6106.0,SPb,66150464.884615496,0.4619692434155866,9455.56593405889,0.42478443863393006,519786.9505652367,0.44990836134600737,24813.478021990966,0.8407056046165633
2021-12-24,29447.0,2117.0,29262.0,5970.0,SPb,60377698.07142873,0.426167423378855,5990.7307692237,0.7457551724510996,602946.1538619797,0.5587144870467043,24882.52747254051,0.7049004598657503
2021-12-25,28161.0,2072.0,28391.0,5959.0,SPb,56967142.57142877,0.41435790495014285,6078.109890102825,0.7201247352736111,879863.917598285,0.7655100431354818,20317.45054946376,0.5679284131715684
2021-12-26,27513.0,1851.0,29293.0,5974.0,SPb,55609589.47802219,0.4786678668744088,8584.225274718192,0.6131772263622375,909539.6044115077,0.5800191884837216,12756.796703310134,0.7911224339632592
2021-12-27,17287.0,1834.0,30166.0,5986.0,SPb,56662389.8736266,0.31556406593383524,11081.631868124772,0.7503462618694736,611367.4780379253,0.5673700694257764,12583.032967046476,0.788254409382252
2021-12-28,16720.0,1802.0,28725.0,5971.0,SPb,47945512.33516503,0.7027615704433404,14395.230769223652,0.8545917408078098,651718.6813346788,0.5225095950711105,12278.994505508079,0.7696413394197401
2021-12-29,22978.0,1526.0,27463.0,5673.0,SPb,47925415.7637365,0.585832548067934,30233.258241751075,1.175677480199237,1010662.8846314518,0.7566735266250272,17384.571428584848,0.6689046169122531
2021-12-30,30391.0,1532.0,25699.0,5509.0,SPb,40397864.109890394,0.4764349618605342,43522.70879120158,1.0338306296018331,2091308.379137045,1.1097786284002666,29003.802197815403,0.9731781027051072
2021-12-31,29047.0,1529.0,24709.0,5269.0,SPb,34828052.06593439,0.4255128195150889,54765.208791201534,0.996518855561452,3587991.192323972,1.1456539253168716,58365.23076924356,1.2530963527795336
2022-01-01,22940.0,1534.0,25409.0,5252.0,SPb,30724703.763736647,0.41813881101011624,63228.95054944324,0.9768064824644235,4479622.181335048,0.9816970170824787,86447.30219781448,1.1277095857671537
2022-01-02,11512.0,1468.0,26292.0,5273.0,SPb,42814159.2307697,0.5097941593590203,73635.23076922339,0.9894194308002636,4671196.131884589,0.8728847789208175,108271.47802198972,1.0327602464936843
2022-01-03,10858.0,1341.0,26860.0,5391.0,SPb,52597391.648352146,0.639921255864817,88961.9175824101,1.0024502674877962,4142323.609906669,0.8240825723397961,113632.84065935176,0.9409486981281278
2022-01-04,10181.0,1297.0,26871.0,5334.0,SPb,63344130.989011526,0.7923582166197324,97955.93956043196,0.9546667225388221,3549276.7692474234,0.8055057292372138,115033.93956044993,0.9363057400741497
2022-01-05,15651.0,1273.0,26669.0,5387.0,SPb,65368388.90109949,0.6862578616923604,95478.10989010215,0.8957335835790781,3063573.6099068513,0.7889021574716643,109906.83516484492,0.8790743062339251
2022-01-06,18253.0,1286.0,26644.0,5435.0,SPb,54092188.86263801,0.6605653587165365,80745.8021977943,0.8552822127306153,2642532.071445388,0.7817398053004998,94654.48901099815,0.8774468268710195
2022-01-07,17759.0,1291.0,26796.0,5398.0,SPb,48267840.115385324,0.6254855716365813,64343.80219779418,0.7837878021169605,2339403.763753136,0.7961051666465896,85357.91758242622,0.8522527390973439
2022-01-08,15373.0,1376.0,27229.0,5543.0,SPb,43787683.763737015,0.5819312275157175,42561.29670328857,0.8037389566515081,2212554.2252916237,0.7322909776859146,72050.48901099732,0.7765077210511431
2022-01-09,17018.0,1323.0,27264.0,5726.0,SPb,37963362.41758321,0.6851385963552422,33614.30769229948,0.732804513656181,1809240.307709252,0.5678190980796061,59435.19230770041,0.6950756962883262
2022-01-10,15541.0,1419.0,27849.0,5734.0,SPb,38448769.6043964,0.6883359627811713,21909.939560431292,0.5475492185173926,1033490.8846323824,0.5583214159012625,45536.423076930994,0.5920851489661975
2022-01-11,24551.0,1512.0,26719.0,5791.0,SPb,41095776.68681396,0.6614302316362995,11246.86263735433,0.7973589650015939,710943.7197972636,0.5507053000732821,34599.93956044734,0.8530692728850061
2022-01-12,29503.0,1659.0,25855.0,5798.0,SPb,48413205.67033042,0.6655057349235916,14932.13186812358,0.913422018746828,683431.0165005971,0.6787396423104795,39434.417582425434,0.9624274883489008
2022-01-13,34276.0,1839.0,25022.0,5612.0,SPb,56189545.47802271,0.7922791322210576,27088.994505486262,1.182882967624911,798591.6923247885,0.6370082425583317,40515.917582425485,0.8547866254846592
2022-01-14,31660.0,2708.0,24795.0,5543.0,SPb,60530556.83516557,0.8695456099270069,142689.29670328862,2.102279599177509,776191.0549621489,0.8140928656490074,36312.57692308498,0.7997090547249219
2022-01-15,30340.0,3314.0,25194.0,5444.0,SPb,68189475.51648422,0.9175576575890204,371937.64835164056,1.534684113273211,813864.489028088,0.881143735042392,31162.33516484332,0.7592250890358223
2022-01-16,28028.0,3958.0,27947.0,5530.0,SPb,65656901.186813824,0.8519884734039435,744917.7582417509,1.3681691139535876,973662.923093985,0.5730694600053133,25749.802197810513,0.7776076886520751
2022-01-17,18486.0,4132.0,31389.0,5628.0,SPb,57492594.10989071,0.7203151385159788,1092090.5549450482,1.167699577923352,2654096.115401576,1.0226512217522814,24053.03846154692,0.7134043754889365
2022-01-18,20165.0,4078.0,32962.0,5672.0,SPb,46610034.10989067,0.7513872697832646,1331913.604395598,1.06117741849014,5300836.417599242,1.168515387336954,20227.324175832833,0.6874425649023862
2022-01-19,30090.0,4382.0,35833.0,5632.0,SPb,46033029.45604445,0.7097422897903655,1566369.7857142796,1.0478763026835014,10396221.824192446,1.27512370313109,16914.43956044836,0.6423363915231458
2022-01-20,40564.0,4753.0,37880.0,5533.0,SPb,63077775.340659745,0.803890737593301,1804964.1538461482,1.0388866899144806,17131895.14287352,1.2135299869059621,15020.131868140732,0.5250755365977499
2022-01-21,45096.0,5922.0,40788.0,5643.0,SPb,84996191.41208822,0.8636394369058326,2335824.33516483,1.1040462340020234,26873709.8241919,1.210436641874645,11198.401098910117,0.5331132378892477
2022-01-22,46201.0,8451.0,46602.0,5786.0,SPb,96823641.56593426,0.8618763119877645,4114409.3626373587,1.2747672282648517,46119933.76375192,1.2771026948650903,12139.692307701462,0.6315843432351058
2022-01-23,50101.0,9535.0,54876.0,6013.0,SPb,112010010.98901103,0.858099648759366,6140336.835164832,1.186703872978828,84071262.33517988,1.332500302945617,21467.192307701618,0.8754032684577377
2022-01-24,36912.0,8413.0,62581.0,6255.0,SPb,91316189.87362632,0.7312586160470631,6729446.835164834,0.9772764422238679,142059580.53298134,1.2783002406073931,46105.91208792171,1.2030686466966611
2022-01-25,36035.0,9722.0,69430.0,6346.0,SPb,85307533.9175823,0.743895674354912,7620547.604395603,0.9980198522404068,213985139.20880458,1.2092906234633443,75389.78571429563,1.150640930613338
2022-01-26,53559.0,10581.0,76838.0,6515.0,SPb,109614403.6318679,0.7836609909659773,8439508.769230768,0.9904102481707264,299258688.73078144,1.1657629454033405,117917.34065935091,1.1829406468674764
2022-01-27,73043.0,11808.0,85354.0,6591.0,SPb,207740283.8021974,1.0529499843749923,9398778.532967033,1.0268694993092073,398925163.76374716,1.1412070235238405,158578.11538462606,1.1041484136268225
2022-01-28,78825.0,13976.0,95992.0,6714.0,SPb,316340287.7857136,1.0490186509784152,11800596.071428569,1.0882168213057115,522104971.1868225,1.133854208806288,198244.13186814307,1.0630684081079673
2022-01-29,87176.0,14939.0,107988.0,6816.0,SPb,445469806.07142764,1.0555767724071736,14219298.68131868,1.0700124111588747,674237581.4505569,1.1368833463432921,225865.05494506672,1.0519961573340357
2022-01-30,78971.0,17833.0,124419.0,7109.0,SPb,489829682.9010977,0.897132377850804,18938247.170329668,1.1184748128586481,898843479.8241811,1.1577250640517038,278084.84065935324,1.09838269637742
2022-01-31,61482.0,15802.0,138547.0,7449.0,SPb,415675284.9230756,0.7640398940154459,19602282.99450549,0.945589566018366,1173263342.2197833,1.1365154226108578,365642.9230769366,1.1285398812342777
2022-02-01,54886.0,13619.0,147795.0,7496.0,SPb,327833634.99450403,0.7465668072424942,17391444.571428567,0.8516680910992108,1422857915.3241763,1.0944080186576222,429583.14285715733,1.0479161926229918
2022-02-02,75732.0,19234.0,162651.0,7673.0,SPb,300243798.33516324,0.7512623443299197,18721596.219780214,0.877035023974286,1703050440.6868107,1.0836506029563802,479296.07142858696,1.007336648155111
2022-02-03,92542.0,21234.0,177534.0,7927.0,SPb,350034152.8406576,0.8224288722814262,20366164.576923065,0.9162540563576248,1989003515.6318624,1.0707291190305455,507813.60989012686,1.0131853954664518
2022-02-04,90166.0,21832.0,192442.0,7882.0,SPb,376649226.02747065,0.7984865271943358,21284748.532967016,0.9515775697788833,2264627161.2582326,1.0627265375295798,488683.6923077107,0.9594401491714832
2022-02-05,93967.0,21780.0,207767.0,7890.0,SPb,398517655.6098881,0.8148319759420785,22452647.23076921,0.9264461220665227,2542595166.725262,1.0600358764216027,444938.989011009,0.9453739516349714
2022-02-06,98086.0,21448.0,223285.0,8234.0,SPb,424840591.95604175,0.7607473820595997,22533354.532967005,0.8530843043591948,2836308790.6428404,1.0537433717371505,443535.60989013157,0.9971201007329227
2022-02-07,63397.0,13372.0,233234.0,8613.0,SPb,330990121.32417357,0.4561141366210299,18598551.516483486,0.6520945024583116,3047760047.142837,1.0284047202489563,495359.785714309,1.0292683936575053
2022-02-08,60001.0,11014.0,235091.0,8753.0,SPb,231544916.18131638,0.4287984168676703,17424762.41758239,0.652628523185454,3057846253.412064,0.9876931821734094,528012.9890110138,1.017815273476402
2022-02-09,72865.0,19644.0,243433.0,8523.0,SPb,191974405.1043932,0.4641330929676581,15290625.104395572,0.42329690740640724,2965692673.0549183,0.9693800764137034,497120.6813187075,0.9185796140089112
2022-02-10,82309.0,21644.0,249804.0,8600.0,SPb,192146691.60988772,0.4571501605407233,14394684.401098868,0.42215104666629616,2763923365.912057,0.9505190931667329,445515.87362640107,0.8935443137116218
2022-02-11,76074.0,22070.0,251449.0,8646.0,SPb,192289879.64834926,0.44654354935588064,14475090.730769197,0.4350352446621915,2446819273.1702952,0.9236478780571971,379169.7197802485,0.8494175424367809
2022-02-12,71579.0,21689.0,257107.0,8516.0,SPb,186903001.49999765,0.4574646743097764,14293805.016483482,0.47625325338186,2095597326.0658965,0.9197951416770339,283203.78571431537,0.8173288879328676
2022-02-13,60556.0,20136.0,266909.0,8657.0,SPb,204338667.51648122,0.500869059795003,14354961.05494502,0.45945204426244846,1819218398.2636952,0.9211837759758295,219871.87362640415,0.8558071890634568
2022-02-14,40227.0,11384.0,270854.0,8938.0,SPb,281662839.3021955,0.597406409292066,17850861.3406593,0.3337161613160719,1546761210.2252302,0.889094038304216,205235.49450552562,0.846962818884801
2022-02-15,32629.0,7091.0,255677.0,8864.0,SPb,381612300.285712,0.9040173786331013,25875710.21978018,0.7307625668897859,1133025441.6098428,0.8177127188882048,167472.68131871306,0.8004054352149829
2022-02-16,42891.0,17151.0,247793.0,8617.0,SPb,440563158.4010967,0.8129875529100802,25826164.576923035,0.4653833041097116,761862459.1922581,0.7649934406803058,124339.142857175,0.7514076496735821
2022-02-17,46863.0,16595.0,237043.0,8286.0,SPb,429828342.41758037,0.776314626545641,25029199.67032963,0.43807216432965845,474064837.20874,0.7073827935230712,103239.01648354881,0.6188617731108939
2022-02-18,42305.0,16398.0,224487.0,8256.0,SPb,419510615.3021959,0.7360815730697555,23627287.384615343,0.3996985121392464,308766338.9944534,0.7091891125031087,77593.30219783464,0.4705886785303654
2022-02-19,35226.0,18042.0,218008.0,7989.0,SPb,387253091.9780203,0.6551003528374426,22016784.46153842,0.3496546388383003,260529147.03291464,0.8686401930506393,68575.05494508744,0.6843608094341782
2022-02-20,34377.0,16599.0,225382.0,7956.0,SPb,293378580.5769216,0.8961810476257788,20360904.24725271,0.43561885530942535,254202348.24720028,0.8859407587818778,86974.98901102148,0.9459395869942474
2022-02-21,21086.0,9043.0,227417.0,8017.0,SPb,362546604.0659327,0.9660771234655715,23869749.032966997,0.3827226574794864,266271376.74720043,0.8876986186613883,103387.91208794455,0.888871205827621
2022-02-22,18237.0,6575.0,212033.0,7816.0,SPb,431590298.1318669,0.9399233186530965,28901794.554945026,0.6844997627823912,334446281.2087395,0.9923135751202418,125695.7197802524,0.9924671019762309
2022-02-23,27595.0,9794.0,196110.0,7507.0,SPb,407397711.6483505,0.794277752015942,30316514.335164808,0.6161084417293358,483661160.5548945,1.0834645897060384,181106.79670332948,1.0752205629316631
2022-02-24,27105.0,8742.0,198182.0,7450.0,SPb,309397872.2637353,0.7387700924775008,29615836.48901097,0.5803892896920391,584840280.5548958,1.0056613535233623,228370.5329670659,1.0274891049165993
2022-02-25,21577.0,7572.0,185319.0,7099.0,SPb,229116305.4120871,0.6506808446112505,27475549.324175812,0.5275629882674184,728734800.3351172,1.023461599005023,305321.03296706604,1.0993926570662833
2022-02-26,22478.0,7409.0,169250.0,6594.0,SPb,142409065.3406587,0.5653864418183534,23707041.631868128,0.46015189013521535,915931517.1428117,1.0204758581245073,458172.8351648685,1.1514998528392406
2022-02-27,23290.0,6442.0,168267.0,6443.0,SPb,88187854.37362583,0.7427613432087459,20642896.269230776,0.6412273091902783,958110185.956001,0.9306074466939769,585635.9780220112,1.047004093134827
2022-02-28,14621.0,5409.0,168396.0,6446.0,SPb,99203217.91208746,0.8452946232747114,23157550.527472533,0.6883697994599838,856601329.8461134,0.9333813757053029,610227.3626373959,0.9782878582813632
2022-03-01,15192.0,3421.0,152295.0,6108.0,SPb,112005904.02747212,0.8172576655433035,26280801.18681319,0.8918989732083752,885990219.4944679,0.9762988663754093,645298.2197802528,1.0176627105177174
2022-03-02,21686.0,4514.0,136419.0,5732.0,SPb,95741319.49450517,0.6455776121233859,25061330.686813194,0.8352192768618638,989789563.6043608,1.0380676964577449,730849.5659340988,1.0740660089229688
2022-03-03,23363.0,3562.0,122625.0,5304.0,SPb,61732429.38461514,0.5167119251561295,23477248.307692323,0.8035530726245749,1170498335.1867816,1.0831119945157532,897251.7197802524,1.0799649800969586
2022-03-04,18148.0,3422.0,116293.0,4800.0,SPb,38607676.57692291,0.40956441470305727,20382115.824175842,0.6732617982224255,1366237926.417554,1.0556411857965906,1109814.708791241,1.1168010489632432
2022-03-05,16180.0,3481.0,109791.0,4562.0,SPb,29108954.99450539,0.17629930245577236,12798314.99450552,0.47813897505538855,1541400222.0933812,1.0018607324875428,1324115.1868132188,1.0692912042223408
2022-03-06,16483.0,3155.0,101710.0,4218.0,SPb,17304420.840659298,0.3714534375369617,5557022.0274725575,0.7891702149576276,1590731759.7637148,0.9606512742282186,1519107.340659372,1.0375404157697425
2022-03-07,11831.0,3096.0,94926.0,4036.0,SPb,22592432.901098892,0.5021779522562673,5203763.692307726,0.8752788274375433,1505501464.219763,0.9740873240033805,1594986.9505494812,1.011113516423161
2022-03-08,8449.0,2748.0,95289.0,4040.0,SPb,31852311.14285717,0.7549926908546161,5599900.247252783,0.8245176018107436,1405422349.4944918,0.9704594387059895,1563243.6538461845,0.9813549755815854
2022-03-09,5663.0,2642.0,95463.0,4042.0,SPb,37691043.36263747,0.8011659148383798,4196143.412087953,0.7995829131111407,1320853984.2472422,0.9106337766469967,1478084.6153846458,0.9327492233891314
2022-03-10,10013.0,2402.0,87091.0,3887.0,SPb,33501437.29670346,0.7595412531263221,3111864.071428615,0.80002382060247,1152103703.296696,0.9217755508794881,1311034.7307692613,0.9276067968928815
2022-03-11,11952.0,2595.0,76289.0,3520.0,SPb,32386470.950549655,0.7016408802037462,2325251.956044003,0.6787397763203876,1053093680.1098859,0.9665745085484471,1200459.3626373932,0.9676983692421773
2022-03-12,15223.0,2381.0,70968.0,3148.0,SPb,28544868.725274954,0.6062846206330288,1399989.4505495005,0.5816177870234901,1013604836.5274711,0.9301584500437533,1193453.758241789,0.9689818249854267
2022-03-13,11812.0,1923.0,71673.0,2990.0,SPb,23580444.527472798,0.7414467471507903,826697.1923077448,0.4856373137397705,873432081.9120892,0.8456347004461364,1137617.6098901408,0.9185366107147442
2022-03-14,6902.0,1547.0,72020.0,3029.0,SPb,27490457.324176125,0.7845437585389253,577492.0934066479,0.9246307771332004,627861797.6043998,0.8341954453045647,942341.6923077237,0.8811979017378884
2022-03-15,9276.0,1264.0,67223.0,2869.0,SPb,28703757.412088238,0.7261820353123989,743782.571428627,0.8764914392278402,463037134.74725944,0.8662963449609761,762861.9395604716,0.8743020631554013
2022-03-16,12317.0,1569.0,62479.0,2574.0,SPb,22966583.340659704,0.548902585776068,571564.7967033539,0.9479378231955697,372459822.2197891,0.9197544731167313,639873.4560439886,0.9095294560054815
2022-03-17,14725.0,1560.0,58234.0,2463.0,SPb,14108077.032967431,0.5281681258204783,548068.7967033549,0.9246309157045365,333989030.0934174,0.9237507444577476,553379.0549450881,0.959342142381494
2022-03-18,12080.0,1486.0,55208.0,2434.0,SPb,11063674.74725317,0.44830174029552555,515326.99450555356,0.8753838680260276,299351485.6703422,0.9260948068223708,510661.0549450884,0.9435657030838679
2022-03-19,10806.0,1472.0,52717.0,2341.0,SPb,9369801.758242201,0.31723806041801633,430849.64835170837,0.8783708315527843,269416486.26375043,0.9479854470028176,471134.57692311076,0.9700183302503023
2022-03-20,8850.0,1398.0,53068.0,2337.0,SPb,7388954.379121349,0.3588304411751682,374673.9175824784,0.8358576538581987,244573252.9230924,0.9442009744128086,445617.054945089,0.9540356578875678
2022-03-21,5524.0,1352.0,53887.0,2404.0,SPb,9139701.340659833,0.4729649838248342,299451.93956050114,0.8542729300583867,222221654.7088078,0.8809470328400204,406413.186813221,0.8958576643362642
2022-03-22,8377.0,1309.0,50605.0,2301.0,SPb,9160093.956044449,0.39384417974598257,255499.18681324896,0.8202342339196433,186871700.37913865,0.8129314852734242,345672.4010989355,0.8392691583527333
2022-03-23,10403.0,1431.0,47696.0,2233.0,SPb,7418899.230769707,0.44535231761620775,199387.3021978648,0.7946868506667105,134867872.46155745,0.8291522414125485,256405.20879124338,0.779820952568733
2022-03-24,11543.0,1279.0,45191.0,2159.0,SPb,7450289.45054992,0.45317241583899154,166814.13186819493,0.6555800020675276,103665725.20881128,0.9452329145825958,167992.37362640843,0.7945004064916897
2022-03-25,10876.0,1237.0,43083.0,2105.0,SPb,7325615.340659813,0.3947713136038879,93138.9010989647,0.4664643875246297,98210818.6813396,0.9876694116890778,116982.4010989361,0.8767509158476319
2022-03-26,10602.0,1145.0,41931.0,2028.0,SPb,5580223.016484005,0.41584224595892444,37559.64835171244,0.3653956964471982,97968471.4121096,0.9372188811198029,99690.09340662851,0.8978781028580758
2022-03-27,8471.0,1105.0,42487.0,2012.0,SPb,5596432.373626874,0.4960834082309829,22880.59340665783,0.5895136401507016,85557044.73079166,0.8493555388949982,86406.48901102421,0.7948307978595791
2022-03-28,4897.0,998.0,43204.0,2047.0,SPb,6855759.6538466625,0.663032987099303,29302.68681325146,0.903718731006628,61761045.258264944,0.8287964757090057,56903.32417585944,0.7310147646272913
2022-03-29,7071.0,980.0,42208.0,1968.0,SPb,7418289.076923595,0.6469387648440317,37900.70879127356,0.9909900280678746,44852142.263760105,0.8453923954528263,37076.3736264089,0.9106893506880522
2022-03-30,9618.0,1084.0,39531.0,1875.0,SPb,6873966.027473057,0.4806486367867127,35275.846153911116,0.8578775628099702,36392652.06595851,0.9079873357251825,36411.93956047482,0.9965995733625931
2022-03-31,11125.0,931.0,35632.0,1784.0,SPb,4939183.609890654,0.45547693924929905,35859.91758248281,0.9228524850336325,36563284.74727778,0.998374105743039,41176.13186816711,1.0194150143816108
2022-04-01,10612.0,958.0,31367.0,1758.0,SPb,4465955.258242307,0.4576252726372241,34902.554945120406,0.8584676394048714,44030626.53299268,1.0933738078615538,43746.4175824528,1.0290457535490232
2022-04-02,8901.0,917.0,27536.0,1642.0,SPb,4253966.439560996,0.4650584569662197,32941.75824182394,0.8774972966413058,57380845.60442189,1.0916946580383042,52361.01648355167,1.0494359213690803
2022-04-03,7059.0,764.0,23485.0,1617.0,SPb,4541540.027473091,0.4570200592333241,37630.571428637384,0.9510176423558714,72583094.18134572,1.0707474525022875,57226.9505494857,0.9599681041530943
2022-04-04,4823.0,759.0,19408.0,1637.0,SPb,4944418.593407161,0.6791357231930356,40344.686813253014,0.9260280326045981,86806060.57145646,1.114290434884106,51010.87912091422,0.9417539090278795
2022-04-05,7639.0,700.0,15527.0,1691.0,SPb,5040901.956044527,0.5884964537780968,43888.26373633018,0.8479062597434042,107197942.74728149,1.124061612873359,43751.208791243844,0.8943897325470804
2022-04-06,9980.0,734.0,13649.0,1630.0,SPb,4951409.5659346385,0.5011767773730536,34578.33516490189,0.8620258108948274,126596314.53299658,1.0874603566684926,38539.565934100945,0.9103587261397035
2022-04-07,11001.0,715.0,12410.0,1594.0,SPb,4743769.961539037,0.49955171711622864,30555.961538528496,0.8313728982757946,142677556.41761273,1.0549658749403261,34811.18681322178,0.9085514587619752
2022-04-08,9442.0,743.0,11271.0,1600.0,SPb,4424381.917582998,0.44982038359578946,24693.10439567155,0.8158578619744338,154938810.1318992,1.0263634714175678,30374.401098936018,0.9065547158939561
2022-04-09,9206.0,689.0,10415.0,1553.0,SPb,4146516.554945641,0.4921201908351211,22022.247252814588,0.8069246467941278,160987804.153878,0.9880357392655343,28174.263736298613,0.8897485711491282
2022-04-10,8259.0,617.0,10202.0,1587.0,SPb,4152641.258242346,0.4778934035709427,20837.104395671922,0.8958409928530674,155014901.76376888,0.9390774702859715,23515.60989014473,0.7637547172929207
2022-04-11,5498.0,609.0,10125.0,1653.0,SPb,3841121.824176409,0.5232761182225961,21459.076923144607,0.8768522233098144,135386513.82420924,0.8933457751071335,14362.68681322162,0.6623702560523336
2022-04-12,7114.0,508.0,9209.0,1617.0,SPb,3831217.4120884966,0.5761572491007235,24301.450549518417,0.8264006373810557,108678174.84069355,0.8594301381322557,7876.901098935874,0.5858832216759204
2022-04-13,9461.0,587.0,7220.0,1543.0,SPb,3808177.2307698163,0.47516088023471165,17652.02747259553,0.8358349246700851,82529166.59344158,0.8433940052457475,4761.208791243536,0.5494843278403372
2022-04-14,10735.0,604.0,6462.0,1477.0,SPb,3666341.5164841036,0.4597047244412778,15217.494505562692,0.7255936435792958,59517883.18684887,0.8249948400005465,4509.87362640835,0.5148441574069017
2022-04-15,9649.0,619.0,6365.0,1491.0,SPb,3427406.4010994923,0.4957974315597001,10357.873626441946,0.608620754841773,40741930.681354955,0.7898836941227367,3695.6703297050362,0.7666692051240891
2022-04-16,9425.0,671.0,6194.0,1475.0,SPb,3480687.412088501,0.5219465265646793,5832.554945123361,0.7140008119353568,25850139.758278545,0.7653751170447348,4483.873626408319,0.8386895239376435
2022-04-17,8301.0,644.0,6187.0,1487.0,SPb,3311557.038462122,0.3934250655297182,5045.302197870661,0.6611699425118716,15507266.373663574,0.7695616816815087,5015.302197836876,0.8087191322656896
2022-04-18,5274.0,628.0,6307.0,1550.0,SPb,3063360.8351654164,0.5044135605651362,4216.8351649036795,0.6945167165342812,9473392.071466088,0.839503624253983,4711.758241792909,0.6473088569933804
2022-04-19,6502.0,624.0,6292.0,1462.0,SPb,3331099.346154432,0.591759084400134,4018.0659341344794,0.6362615885593074,6854356.219817961,0.852228920933287,4114.093406628044,0.6838487324675939
2022-04-20,9399.0,611.0,6276.0,1491.0,SPb,3228329.3846159726,0.4176622273645675,3363.1923077609017,0.5882695637919719,5164764.40113682,0.8448559833314613,3812.417582452203,0.6640884776635853
2022-04-21,11861.0,579.0,6224.0,1501.0,SPb,3609545.6483522328,0.5090355634577575,2979.104395673043,0.43811581276755635,3900645.1044336725,0.8452424923916482,3678.027472562082,0.6276077185495494
2022-04-22,9670.0,608.0,6173.0,1501.0,SPb,3643480.0659346497,0.45990163552326896,1804.9010989697997,0.2863382594415854,3009447.4780601687,0.8368901260594003,3384.835164869764,0.6576561349069554
2022-04-23,9518.0,603.0,5875.0,1487.0,SPb,3679678.9230775055,0.4788229998649545,1342.769230837966,0.34508204680046217,2378387.4780602786,0.7782120753131807,3439.2307692653612,0.6401171401880296
2022-04-24,8149.0,587.0,5850.0,1487.0,SPb,3686635.516484099,0.43680101695063184,1365.5164835852306,0.35037246339563693,1640508.2692691747,0.6244401442815508,3168.901098935681,0.4812211053548626
2022-04-25,4623.0,543.0,5946.0,1494.0,SPb,4160399.9395610252,0.47954563537195044,1644.7472528160272,0.42734375677456243,729968.4615769676,0.3662797526311067,1619.9615384961062,0.1482092348381176
2022-04-26,7278.0,467.0,5574.0,1485.0,SPb,4126123.939561025,0.4779481165086998,2352.335164903956,1.2187867402739965,142037.17036826385,0.5307085757843333,579.917582452141,-0.3484977118832407
2022-04-27,9757.0,510.0,5444.0,1393.0,SPb,4173396.1153851994,0.39946970425655637,2908.6813187501416,0.8703307864893144,91469.96157709794,1.0354215255759147,1081.0164835510336,-0.24059168362495398
2022-04-28,10976.0,487.0,5200.0,1376.0,SPb,4257389.912088495,0.4395491886861484,3683.324175893048,0.9223024843602081,131743.01652218334,1.1307223979153005,1923.9780220125647,0.6318060395523533
2022-04-29,10046.0,477.0,5092.0,1361.0,SPb,4332795.917582999,0.45020556433581355,4366.796703365637,0.887087240787024,174710.2637749613,1.116315490421672,2853.9780220125563,0.8213971171972473
2022-04-30,8821.0,492.0,5076.0,1323.0,SPb,4284708.225275309,0.4490899540368118,3990.109890178901,0.8567259460419623,213840.26377498818,1.0473913601996576,4337.230769265294,0.9599819770433117
2022-05-01,8363.0,421.0,5128.0,1351.0,SPb,4282284.093407176,0.43010475411165,4709.346153915263,0.9424177198568908,234572.2253134752,0.9711368743416254,5030.681318715833,0.8326397294804657
2022-05-02,4497.0,393.0,5113.0,1343.0,SPb,4721600.747253334,0.40262548554347416,5671.296703365917,0.9592430401715628,233522.55498383363,0.9390217679484565,4820.2692308037285,0.9652233082127009
2022-05-03,3338.0,356.0,5097.0,1394.0,SPb,6425223.516484116,0.7312325933329797,6872.879120948456,0.9966078779026948,219635.60443441177,0.90282802903982,4841.939560474055,0.8649098626441383
2022-05-04,4388.0,328.0,5084.0,1431.0,SPb,7376845.456044576,0.6819926731346551,8177.478022047487,1.0301281194469776,192809.0549838909,0.8644228181745571,4514.2472527817445,0.8156136414332875
2022-05-05,6621.0,349.0,4930.0,1401.0,SPb,6184371.170330314,0.6411528607182145,8784.071428640998,0.9126351327931813,166516.68135754837,0.8333489988835658,4034.027472561962,0.7778529424767487
2022-05-06,8992.0,364.0,4811.0,1343.0,SPb,5998643.87362702,0.5936257453971138,7966.269230838912,0.844864647608544,136777.1868520865,0.905865294528642,3756.2252747597618,0.7632857806609777
2022-05-07,8501.0,357.0,4749.0,1351.0,SPb,5760883.802198453,0.6115931368326057,6706.532967102759,0.8008451472190932,127979.53850046509,0.8686841171748645,3360.1813187158036,0.6964359058799218
2022-05-08,7115.0,373.0,4734.0,1333.0,SPb,5726625.450550105,0.629905514753868,5069.785714355603,0.7774732090302459,108946.21981917313,0.7261845687839417,2879.565934100415,0.5935464943122265
2022-05-09,4436.0,312.0,4660.0,1387.0,SPb,5808431.785714941,0.7156364063740502,4603.978022048015,0.9207987253664881,67864.87915986333,0.8554136528996245,1890.1098901443677,0.29228765735771584
2022-05-10,3376.0,309.0,4638.0,1430.0,SPb,6949016.401099574,0.7865655368026245,4907.82417589424,0.8499508414780738,54904.87915988578,0.8513605345718585,1188.708791243265,0.45462882829314544
2022-05-11,3890.0,304.0,4584.0,1432.0,SPb,6998305.648352345,0.7029753003856984,4289.824175894334,0.833353525563195,46682.90113792841,1.001815151753779,1419.49450552898,0.5928340765796447
2022-05-12,7788.0,321.0,4234.0,1348.0,SPb,5611630.747253457,0.5261645181998555,3529.1428572130917,0.7507989425290512,71894.43959949008,1.2190945942448483,1473.0329670674412,0.3985826837298269
2022-05-13,9133.0,337.0,4010.0,1358.0,SPb,5164787.478022693,0.5404566882080457,2587.604395674695,0.5449923659160882,115590.59344566989,1.225115824806592,1479.4120879465618,0.37399708242139296
2022-05-14,9743.0,315.0,3888.0,1359.0,SPb,5572372.26923148,0.603035711318169,1184.247252817634,0.5504727474968364,161361.23080833582,1.130007502795473,1293.8736264081012,0.36534090909068784
2022-05-15,7588.0,358.0,3875.0,1407.0,SPb,5386172.131868846,0.6541789110794336,737.3626374330482,0.33980735435488435,189071.80773144288,1.0430697204614674,1304.335164869642,0.2822282732879662
2022-05-16,4851.0,334.0,3914.0,1440.0,SPb,5292237.64835236,0.5517895358804538,515.3021978726363,0.3042108410178741,197221.0549842189,0.9750017576775808,1427.4505494850314,0.41362264750231387
2022-05-17,6753.0,326.0,3499.0,1429.0,SPb,4510521.63186883,0.4920470742957807,491.5659341363866,0.3491474985969048,236503.75828096055,1.0349699400690378,1554.181318715803,0.4522237376086971
2022-05-18,9311.0,361.0,3104.0,1372.0,SPb,4524398.000000677,0.5300665601883902,534.9010989715358,0.3253669780414617,308392.9890502388,1.1292439729291146,1423.538461572942,0.38686967910915365
2022-05-19,9829.0,352.0,2958.0,1333.0,SPb,5068982.439561104,0.601979300113414,541.016483586919,0.30858306004704156,382678.8791601763,1.091638926480093,1586.439560474036,0.460167767960118
2022-05-20,8525.0,357.0,2831.0,1286.0,SPb,4958408.64285781,0.5840417379442537,515.8241758946147,0.29332220776942936,451739.5385008834,1.0551159695168637,2144.225274759747,0.6248824328557713
2022-05-21,7061.0,339.0,2692.0,1282.0,SPb,4818918.532967705,0.5821890830340956,483.1868132572606,0.17566937443219327,509663.30223719677,1.0241366474683895,2750.4395604740275,0.7197588057942791
2022-05-22,6856.0,318.0,2899.0,1317.0,SPb,4823109.494506167,0.5830124481311904,382.5549451254188,0.3860684008630664,494993.3846548234,0.9401900948192767,2862.61538464985,0.7418282124662589
2022-05-23,4112.0,307.0,3160.0,1367.0,SPb,4962472.219780894,0.48488209823975265,399.4505495210256,0.37913924050549724,433938.4395999145,0.8623371832155443,2838.8791209135848,0.6592292427500008
2022-05-24,5741.0,304.0,3233.0,1277.0,SPb,4022202.796703961,0.3652528658831709,418.3791209495994,0.3834263632452052,348812.42311643186,0.8024054212767472,3065.016483550932,0.5951229909447249
2022-05-25,8120.0,326.0,3036.0,1203.0,SPb,3128510.708791856,0.4520151968518348,361.80769237816037,0.35229712322809725,259793.91762196363,0.822716583468102,4191.142857177281,0.9151939933993696
2022-05-26,9321.0,293.0,2921.0,1178.0,SPb,3357374.1318687727,0.464738309904925,467.34615391663516,0.4349849900486298,210614.13190770955,0.8270669876922371,6079.824175858581,0.9794339750617133
2022-05-27,8109.0,317.0,2883.0,1148.0,SPb,3196887.450550095,0.3964069610188237,475.9175824880731,0.42620232172400296,176005.32421542902,0.8009564801834744,8297.516483550866,1.0105548949037524
2022-05-28,8235.0,273.0,2795.0,1111.0,SPb,2854190.307692959,0.45257401871522374,692.8406594111698,0.6267094182172929,146764.5714682026,0.7330926581108317,10979.186813221168,1.0104154689216065
2022-05-29,7833.0,257.0,2968.0,1141.0,SPb,2863377.8076929576,0.46283554934636995,925.3626374331949,0.8545196366384183,101369.71981987277,0.5060059869315049,11508.263736298057,0.8851832017468705
2022-05-30,4658.0,253.0,3145.0,1169.0,SPb,2943965.9120885627,0.4724648090853455,1205.3021978727934,0.8953164986674386,43022.90113857259,0.36895707579475073,9976.071428605715,0.8076931380342267
2022-05-31,6728.0,248.0,2969.0,1101.0,SPb,2946736.3791215294,0.4692494843244903,1484.7307693014018,0.8815083732289348,23121.692347376575,0.4274950032117498,9035.324175858419,0.8692608174017302
2022-06-01,9302.0,294.0,2827.0,1099.0,SPb,2944179.1428577933,0.33302970847596186,1253.9120879827522,0.7011733571099031,22934.489050679964,0.4539126538284827,8589.824175858377,0.8715680312186314
2022-06-02,9529.0,291.0,2783.0,1066.0,SPb,2841236.2857149374,0.40041405887481646,1057.170329741023,0.6086147585210051,24939.296742991886,0.501203008605288,8840.686813220973,0.9256627341680984
2022-06-03,7521.0,302.0,2740.0,1034.0,SPb,2745315.670330326,0.38162675445657385,777.0329671036864,0.5432437402305417,27038.79674299408,0.49332084333173487,9890.225274759394,0.9380167084763928
2022-06-04,7574.0,263.0,2666.0,1017.0,SPb,2740030.642857797,0.37817856276413514,668.4615385322936,0.48354684752513993,28047.939600137568,0.6925081531938908,10669.20879124287,0.8895260723362515
2022-06-05,6086.0,248.0,2704.0,1079.0,SPb,2847153.719780877,0.3207196401136512,706.1538462246343,0.5317996758758337,31704.725314428004,0.740138872902795,8935.208791242838,0.6745869984981162
2022-06-06,3996.0,242.0,2837.0,1105.0,SPb,2905861.1923083505,0.39996143875697815,777.9395605103792,0.5780995944031737,27053.170369380885,0.5538504523447555,4774.8791209131305,0.6405559710794275
2022-06-07,6518.0,251.0,2706.0,1060.0,SPb,2757902.4615391167,0.4197008414190609,777.6483517191953,0.48924127836005854,19353.758281481583,0.5980536249096788,3011.456043990029,0.6749836401159295
2022-06-08,7808.0,223.0,2583.0,1042.0,SPb,2730055.604396261,0.3618225495043382,736.3351649060567,0.6075662700889275,21447.01652325083,0.7194450205700187,2508.1098901438563,0.6531605979139822
2022-06-09,7803.0,212.0,2527.0,1014.0,SPb,2439650.52747319,0.35817391266773824,896.1098901808195,0.6146581491705808,26616.642896886777,0.8044274703328308,2371.142857176803,0.6996274749329002
2022-06-10,7357.0,217.0,2496.0,1017.0,SPb,2382316.7252753903,0.33608213805592174,770.8351649061407,0.7717357630970356,32087.802237555527,0.8642532988453443,2321.4780220119505,0.7473393451942911
2022-06-11,6800.0,214.0,2472.0,997.0,SPb,2303241.917583089,0.3201212906280383,858.6868132578163,0.8190311253745175,38176.884655145805,0.8766268943403951,2624.64285717677,0.7425509419451477
2022-06-12,5227.0,206.0,2592.0,1053.0,SPb,2497689.6098907916,0.40448241059538653,997.9560440270706,0.8583311437769725,35346.55498482529,0.6756467813819151,2178.84065937456,0.47441635088619466
2022-06-13,5854.0,203.0,2578.0,1099.0,SPb,2183299.3241765006,0.49373390643542997,1133.6703297413794,0.8768933539405896,21031.362677146804,0.6775302997930489,1364.9945055283956,0.4948415334710993
2022-06-14,6639.0,201.0,2587.0,1141.0,SPb,2187690.1538468306,0.5105569017189118,1261.5000000710716,0.8727567285073766,14302.28575407919,0.7106321016592234,1756.6428571767533,0.620537568481237
2022-06-15,12939.0,212.0,2466.0,1046.0,SPb,4420028.796703959,0.2908734126967721,1066.862637433747,0.7931516502807088,13772.686852989096,0.7196537315726514,1629.3846154185037,0.39728405145988926
2022-06-16,16071.0,234.0,2404.0,1036.0,SPb,9759882.379121514,1.1197404316829194,804.7252747964109,0.5879823902699143,14766.000039811535,0.7762258557382383,1642.9010989349833,0.41646935017080977
2022-06-17,9417.0,228.0,2508.0,1035.0,SPb,9956253.807692936,0.5679144146048482,382.68131875248923,0.6548551959100956,13506.57146838863,0.7046240937764391,1640.071428605313,0.39872814223663655
2022-06-18,9804.0,221.0,2372.0,975.0,SPb,10212140.1813193,0.5752700610737784,264.98901106020116,0.6402591599623942,15810.109929934273,0.7217521613726671,1998.2252747591544,0.548637591663175
2022-06-19,6092.0,217.0,2411.0,987.0,SPb,10210354.950550068,0.48401629914143957,210.99450556571009,0.5860215053741997,15425.346193677697,0.5480129416432125,2191.3241758580457,0.5406544981401357
2022-06-20,3602.0,206.0,2438.0,1015.0,SPb,10465554.379121501,0.5641796542901983,182.11538468660598,0.38128327456096367,8473.538501379746,0.45115311169496325,1916.379120912981,0.5473140860701052
2022-06-21,0.0,214.0,2390.0,1015.0,SPb,14981310.73076988,0.7561351273695859,89.2087912800299,0.4877206956017919,6077.4945453434975,0.5024368041296333,1901.2967033305576,0.558258747977117
2022-06-22,6723.0,225.0,2311.0,945.0,SPb,15018910.153846808,0.5491411055006945,92.00000007123774,0.5350579587171646,7362.769270624858,0.6499918818711236,2449.7197802536225,0.6229062486340875
2022-06-23,7597.0,220.0,2301.0,927.0,SPb,15010817.296703951,0.5474166390647347,92.87912095035486,0.534950071322167,8959.67036953148,0.7357210846002876,3161.4945055283383,0.743363111285755
2022-06-24,8466.0,227.0,2300.0,918.0,SPb,15084967.961539112,0.5478785084031792,102.2197802910095,0.571866224146391,10372.59344645935,0.7731924858631757,3915.9615384953604,0.8056950388866333
2022-06-25,6697.0,232.0,2304.0,911.0,SPb,15097079.51648417,0.5334556345863272,119.03296710418786,0.6251598651272368,11506.131908001922,0.7516957955785524,4662.554945088758,0.8658330116444537
2022-06-26,4982.0,244.0,2441.0,950.0,SPb,15187386.247253401,0.5375640272297287,154.5274725986755,0.6986076088098443,9275.1483915221,0.5662228320864586,4697.076923110726,0.7563132078553697
2022-06-27,4572.0,238.0,2649.0,976.0,SPb,15627774.37912154,0.5591914153412633,148.95054952173592,0.5709921575745839,11414.901138773112,0.4889359958523042,3904.335164868955,0.5740886273361926
2022-06-28,5713.0,230.0,2436.0,927.0,SPb,15797446.071429236,0.5841898055361775,111.82417589534867,0.5233700345386423,9167.324215699879,0.3493347798406815,2244.0714286051993,0.695405689956121
2022-06-29,8349.0,241.0,2368.0,904.0,SPb,13344267.609890796,0.3571200422339539,114.53296710412626,0.722563917022797,8999.324215702274,0.3480729346698627,2153.565934099693,0.688764862740768
2022-06-30,7138.0,246.0,2366.0,878.0,SPb,6586158.615385339,0.38368953886812973,137.87362644477994,0.8335120068552555,9092.862677241665,0.3533009215910822,2229.961538495284,0.6812010904205424
2022-07-01,5811.0,252.0,2419.0,883.0,SPb,5823469.80219854,0.2675656825769463,179.80769237883456,0.9147210300378151,8174.989050870214,0.4062446258733026,1997.7857143194462,0.8056091423774909
2022-07-02,5235.0,257.0,2436.0,824.0,SPb,4718298.994506251,0.31439849392127545,225.3021978733231,0.9317810457475103,8257.978061857664,0.41821658922503546,2897.978022011741,0.923757179027604
2022-07-03,5397.0,248.0,2578.0,866.0,SPb,4719876.10989087,0.32806205724017157,222.0659341370448,0.750515818429116,10587.719820095355,0.47357771429387335,2935.873626407336,0.7110724330200875
2022-07-04,2503.0,253.0,2731.0,893.0,SPb,5166692.0714293355,0.1460510085633257,175.32417589526443,0.7511394712816145,17991.60443547285,0.7777806521273994,2295.0384615721623,0.5539874046020157
2022-07-05,4703.0,251.0,2608.0,871.0,SPb,2654282.2857150296,0.5219314359476445,138.5274725985437,0.7805907172949239,20020.681358544483,0.6581113246153492,1571.873626407317,0.6671801908059651
2022-07-06,6160.0,259.0,2615.0,818.0,SPb,2613594.7087919554,0.4565627449841677,141.14285721391235,0.7250248262118044,20294.61542447117,0.6402651007397895,1946.5934066270877,0.7661343978705157
2022-07-07,6322.0,266.0,2612.0,801.0,SPb,2406967.6483523995,0.35343299136983525,131.5384616094952,0.7889356584424195,19212.95058929878,0.5949283792818196,2482.439560473232,0.8473248343066551
2022-07-08,5419.0,273.0,2646.0,801.0,SPb,1848780.6868139496,0.3298247120566909,148.21978029079224,0.8827433628251774,17638.840699180488,0.5363962388631092,2904.7967033303667,0.8551065725916877
2022-07-09,0.0,268.0,2736.0,801.0,SPb,3966320.5714293593,0.4099354484681419,145.05494512594015,0.8923607782940668,16950.48905081834,0.6401688314111227,3223.9175824512367,0.8141302568104887
2022-07-10,4996.0,277.0,2825.0,830.0,SPb,3965941.3406601283,0.19773162196495891,182.95054952152907,0.9296405919610633,21292.64289696286,0.8451989588743162,2792.708791242435,0.6422601736238363
2022-07-11,2527.0,269.0,3043.0,865.0,SPb,4451404.115385411,0.2166339064737777,174.26373633470135,0.7341581613886687,36974.70883101924,1.1436725706982542,1732.109890143525,0.5957576881595898
2022-07-12,5538.0,275.0,2963.0,811.0,SPb,4434920.461539257,0.12494372641800924,135.93956051050446,0.8032736884859483,43405.84619364382,0.920472546183667,1398.131868165493,0.4999132396318393
2022-07-13,6718.0,284.0,2958.0,796.0,SPb,3786347.038462341,0.002667032239897767,144.68131875224267,0.8844709520590358,43671.670369453655,0.8655835814804431,1269.956043989659,0.5189525921229676
2022-07-14,7300.0,297.0,3027.0,803.0,SPb,3844236.225275527,0.06032147276333057,199.32417589507625,1.0607594936641724,42832.70883097607,0.8768214631403416,1215.1483516819603,0.45927348209621316
2022-07-15,6968.0,329.0,3188.0,792.0,SPb,4101643.296704094,0.153154639030888,452.74725281811766,1.4063636363577001,48473.45058919919,0.9222506154534996,1107.648351681952,0.615123782705151
2022-07-16,6552.0,364.0,3429.0,829.0,SPb,4276247.104396397,0.19864160013377763,1025.9615385323539,1.4213881019804862,65850.95058917507,1.1307813780558271,1107.4560439896447,0.5625761624795664
2022-07-17,6039.0,435.0,3794.0,835.0,SPb,4337117.17033046,0.23300316937897192,2617.516483587213,1.598422530971261,119795.91762211252,1.332435250464911,989.75824179184,0.41139286317433404
2022-07-18,3094.0,517.0,4277.0,868.0,SPb,4123697.9780227663,0.1955210649146983,5976.989011059618,1.4985765971622513,240553.80773196503,1.3620848912938721,771.7637362973326,0.28177824842102384
2022-07-19,4997.0,521.0,4363.0,839.0,SPb,4108891.36263815,0.19650003508467667,8662.153846224328,1.162688940265089,340810.59344620805,1.1503106789035986,608.2472527808463,0.4292589420443758
2022-07-20,6524.0,572.0,4417.0,813.0,SPb,4172795.362638148,0.1728894416200826,12192.862637432974,1.1557131028771432,416989.64839121915,1.0643128205801302,612.0659340995272,0.3847666900361257
2022-07-21,7547.0,604.0,4471.0,816.0,SPb,4488825.170330452,0.22838580961114371,15810.576923147106,1.1124669610738775,465476.8626768882,1.0193746388264493,583.6318681654625,0.3518609007243491
2022-07-22,7311.0,693.0,4690.0,792.0,SPb,4778758.576923851,0.29669428889486243,21658.26923083922,1.1411680502273236,514735.0165229924,1.02388557829292,617.6043956379895,0.3350030162008408
2022-07-23,6655.0,711.0,5092.0,777.0,SPb,2376120.747253497,0.4438780037662075,26168.5934066632,1.0758205020124718,603719.3242152428,1.056491655385708,731.5384615720541,0.5156872258266416
2022-07-24,6143.0,781.0,5404.0,807.0,SPb,2308479.2582425037,0.3383986399347109,31740.28571435528,1.070636104525684,710747.82421518,1.079793274306824,730.40109893469,0.40818134103092546
2022-07-25,3839.0,788.0,5635.0,814.0,SPb,1731675.0384622796,0.4531786108736748,34520.64285721219,1.0142479419941937,834195.3846546774,1.0440996893307906,542.3736264072145,0.5623063495518974
2022-07-26,6200.0,794.0,6054.0,833.0,SPb,1707013.7197809583,0.35704742382631255,34820.06593413503,0.9712177480083775,965494.9505886679,1.0436985278410653,567.7582417918313,0.5557023962944555
2022-07-27,8060.0,946.0,6672.0,913.0,SPb,1956065.3241765578,0.33807783140207526,39104.879120947924,1.017588767420758,1159520.8406984673,1.0732338375857482,1198.401098934695,0.7434761526922257
2022-07-28,10214.0,1151.0,7455.0,946.0,SPb,3041994.6428578664,0.5871102047129141,51839.80219787062,1.1249915457253605,1482959.4780609966,1.1244506669480738,2204.901098934704,0.9954009889902046
2022-07-29,9692.0,1272.0,8433.0,975.0,SPb,3793788.708791922,0.6800513072204671,67689.45604402403,1.1228660246543765,2046854.6154235064,1.1830970369967813,3418.5329670665838,1.109525998275943
2022-07-30,8503.0,1457.0,9194.0,989.0,SPb,4041254.8351655407,0.6554836912586699,92330.00000006749,1.1740843612133525,2762253.104434355,1.1759711711097678,4805.785714319341,1.072176710302043
2022-07-31,8025.0,1596.0,10096.0,1056.0,SPb,4098805.1868138853,0.6038430304019886,122879.60989017686,1.1592196841601563,3740655.917621014,1.1809729955063484,7500.285714319355,1.1748502249730868
2022-08-01,4267.0,1711.0,11129.0,1076.0,SPb,3507619.631868826,0.5290266795727774,156941.41208797853,1.1091188665286185,5108269.939598868,1.16220017622031,10394.000000033655,1.1183848715883369
2022-08-02,6908.0,1635.0,11786.0,1159.0,SPb,3180072.1318688192,0.4656240020945919,168424.1813187473,1.0112629308572256,6431888.7253129715,1.1103456086633308,15246.747252780931,1.1587199245346145
2022-08-03,9425.0,1781.0,12378.0,1228.0,SPb,3508570.5329677095,0.4604270314242092,183775.8241758896,1.0154519694123576,7574117.258279809,1.0701717045323782,21236.884615418323,1.1526926302173013
2022-08-04,11760.0,1814.0,12981.0,1277.0,SPb,4909207.846154506,0.6179537146029727,189107.80219786707,0.9973343659763096,8455042.533004874,1.0448059807549859,27516.109890143634,1.1000409674249174
2022-08-05,13183.0,2078.0,14079.0,1346.0,SPb,7072168.725275363,0.7905311653183945,213071.34615391042,1.0246683451510323,9454764.681356294,1.0519770285880106,33890.15384618763,1.0770200511435266
2022-08-06,13199.0,2303.0,15251.0,1387.0,SPb,8714065.51648413,0.8071679893469517,244334.02747259103,1.0485472057164045,10675351.78575165,1.0530475020295005,38227.18681322066,1.0536914069219552
2022-08-07,0.0,2410.0,16486.0,1387.0,SPb,13665289.7637369,0.19481093606543717,269673.03296709585,1.0106940701209668,12032226.99454259,1.0475892810149026,39897.07692311082,0.9916596045070978
2022-08-08,6084.0,2642.0,17826.0,1570.0,SPb,12556691.49450612,0.19197064078410145,297116.3076923698,1.0058643884573617,13439215.758278558,1.0478941116776428,47573.38461541859,1.0595717814928638
2022-08-09,9092.0,2639.0,18890.0,1652.0,SPb,12241368.153846769,0.17646827120564973,287354.0274725888,0.965869839631478,14619845.648388138,1.0385269446305199,55164.88461541868,1.0858937420662662
2022-08-10,12672.0,2894.0,19984.0,1753.0,SPb,13478296.417583015,0.19670786197738074,297436.5329670935,1.0211363814482457,15684805.648387818,1.0355243982445645,66989.50000003415,1.087605694009741
2022-08-11,16191.0,2940.0,21028.0,1849.0,SPb,17341835.78571486,0.3451631671736903,304504.06593412574,0.9915405448980812,16673173.609925952,1.0365577959609518,80013.53846157271,1.0770510276458645
2022-08-12,15355.0,3229.0,22706.0,1911.0,SPb,20048656.439560995,0.45912298509731386,333676.2692308281,1.046265269776405,18444829.340694837,1.0515947140312827,90607.8241758585,1.0389815378865337
2022-08-13,14123.0,3454.0,24273.0,1954.0,SPb,21339897.75824229,0.48725054689818803,383041.6703297282,1.0638282482294839,20584970.269265898,1.0603882164344351,95682.02747256191,1.020160383013817
2022-08-14,11996.0,3761.0,26268.0,2069.0,SPb,21247277.456044476,0.4424396786441152,461326.6428571998,1.0880256624970766,23707232.5549798,1.0816938877648616,104181.20879124335,1.01770759711981
2022-08-15,6517.0,3782.0,28317.0,2118.0,SPb,19519178.55494557,0.3820273943626395,509676.5274725836,1.0032679417388373,27950024.247287087,1.0841600130703823,106688.8791209138,1.0077592359442646
2022-08-16,11533.0,3776.0,29112.0,2054.0,SPb,18516392.15384665,0.34208161489949807,496607.0164835717,0.9669471567572047,30876404.68684711,1.0412860975175535,100625.5000000348,0.9503076185564314
2022-08-17,14847.0,3881.0,29227.0,2211.0,SPb,19473464.527473006,0.35991109113682324,475399.32417587837,0.9322571535186398,31474729.340692855,0.991835738993079,100911.75824179317,0.9693451608738807
2022-08-18,18907.0,3845.0,29984.0,2247.0,SPb,23757227.10439606,0.4487910986595046,408320.5274725808,0.9182191206810544,30694740.071461674,0.976947913746713,97127.69230772735,0.9533252243474012
2022-08-19,16468.0,4127.0,31221.0,2314.0,SPb,25281160.263736706,0.47866535768849156,380771.60989016236,0.9534430652416419,29771332.554977737,0.9749528424551602,93170.59340662857,0.9359327185256848
2022-08-20,16708.0,4399.0,32907.0,2331.0,SPb,26847118.994505927,0.567474520225052,384986.6428571945,0.9688110165512679,29326052.115416866,0.9843248201220842,83606.10989014515,0.8668432397217074
2022-08-21,14222.0,4407.0,35127.0,2461.0,SPb,14649018.99450588,0.5139222111872046,361757.80219785305,0.9566716513057618,30092484.00003179,1.0094182726029088,71556.06593410127,0.9482477402535189
2022-08-22,7276.0,4410.0,36887.0,2527.0,SPb,13446657.763736645,0.43073462095656734,336578.3736264237,0.892183304869055,31472940.269262083,1.012742550561706,68469.47802201346,0.9536852589641295
2022-08-23,10499.0,4412.0,36640.0,2553.0,SPb,12681721.340659717,0.4746520422246823,276695.78571433504,0.8864792110225459,30283885.324206706,0.9609591452574662,63850.61538465089,0.9523430619380912
2022-08-24,16043.0,4406.0,36205.0,2593.0,SPb,13126452.55494542,0.41658268989003683,227298.24725279602,0.8149758070464955,26991824.461568944,0.9117552332034065,60619.846153881736,0.9625281815226441
2022-08-25,18751.0,4423.0,36448.0,2347.0,SPb,14607004.642857501,0.4712791764687748,161630.6813187295,0.8167522606292436,22708114.57145867,0.8960676093306263,49297.186813222426,0.8041483984269553
2022-08-26,16634.0,4435.0,35852.0,2346.0,SPb,15029194.109890463,0.4873630816716205,118333.95604400375,0.8126287667882438,18086934.41761219,0.8603170836532271,39218.09340662905,0.7585805770716343
2022-08-27,15902.0,4214.0,35629.0,2351.0,SPb,15317773.324176172,0.49829008137430375,83073.29670334405,0.8278451717842457,13740207.032996528,0.8531245115854261,29670.461538497206,0.7612045332989896
2022-08-28,13064.0,4269.0,36946.0,2297.0,SPb,15066417.763736608,0.40416816246082904,70110.92307697017,0.7892098281294558,11080680.989040228,0.8921816292828323,24474.06593410162,0.7309729015510034
2022-08-29,6873.0,3842.0,37361.0,2391.0,SPb,14660268.708791552,0.4898151510723603,66518.83516488223,0.6849636191750754,9562282.835193856,0.8751766119909372,20503.565934101644,0.5917258983577582
2022-08-30,12260.0,3497.0,35825.0,2462.0,SPb,14408299.296703637,0.44966886086961966,90419.32417587138,0.9338780242376374,7471404.642886002,0.7602128264884355,13262.686813222557,0.6099311552992313
2022-08-31,16795.0,3247.0,35208.0,2412.0,SPb,14880657.18681352,0.39616028344350085,148621.91758246513,1.1022851387344847,4960403.3846440995,0.6548706595550096,10677.296703332475,0.5244606359343476
2022-09-01,20396.0,3152.0,34361.0,2334.0,SPb,16091075.10439593,0.46767577166594315,214171.3406593886,1.140493485327303,2843402.4011275074,0.5183642968152968,9139.500000035785,0.4977271363826805
2022-09-02,20396.0,3159.0,34527.0,2291.0,SPb,18430307.01648383,0.5475555083605819,275378.7252747737,1.060206585441001,1461639.7198087452,0.4033406659364483,9511.67032970611,0.5287456887806374
2022-09-03,14330.0,3013.0,35353.0,2221.0,SPb,18100104.730769552,0.47395507706283335,331656.4175824668,1.0488633901623623,834657.3461823128,0.5167050392296891,11659.692307728074,0.7237758299102409
2022-09-04,10395.0,3018.0,35731.0,2158.0,SPb,19328466.593406927,0.46774443759191525,365488.48901103897,1.0029443593972225,790419.324204276,0.619889977075425,15327.324175859896,0.7940273557499127
2022-09-05,6218.0,2997.0,36026.0,2174.0,SPb,20544899.186813526,0.580823346183753,380107.60439565504,0.9720286823353746,716160.4395889124,0.5934813474335844,16101.208791244446,0.7238929276673678
2022-09-06,12198.0,3014.0,33427.0,2272.0,SPb,19788256.071428902,0.5561500407566292,370936.1098901612,0.9359715489277419,1070526.0934351436,0.5368632265967841,13058.071428607027,0.4935588560743274
2022-09-07,13649.0,3172.0,31194.0,2207.0,SPb,19557116.686813526,0.5230926551401913,330566.68131873326,0.8717764870684244,2425175.604424276,1.0058288054912892,8205.500000035503,0.7904992015263507
2022-09-08,4968.0,3249.0,30787.0,2089.0,SPb,23334037.34065973,0.517949152247359,268138.26373631635,0.8003289515869589,3695012.554973866,1.0110552218809794,11273.148351683778,0.8993023573533674
2022-09-09,16512.0,3315.0,29091.0,2029.0,SPb,23269678.989011373,0.274621690319699,187744.4175824708,0.7665699175754009,5942153.494534473,1.1148130744189935,15528.263736299063,0.9691527547304217
2022-09-10,14312.0,3427.0,29516.0,1958.0,SPb,22774559.97802237,0.2863466131321513,129605.87362642732,0.5930044810674818,7446522.48904012,0.975396732582817,21265.631868167067,1.045874431943191
2022-09-11,12416.0,3484.0,30217.0,1995.0,SPb,22800779.05494545,0.28282960919058625,58071.67032972445,0.5940229649284275,7583135.978051275,0.880760205183399,24916.18131871643,0.940206919886293
2022-09-12,7093.0,3471.0,30503.0,2091.0,SPb,22597542.57142897,0.3218892585101174,34464.247252801564,0.7936054775967109,6840587.912117378,0.8938821171082495,23165.631868166885,0.7876762783711716
2022-09-13,13065.0,3478.0,29871.0,2169.0,SPb,22552732.379121277,0.29118688019948363,33708.5274725818,0.9844720071977079,6769728.769260385,0.9053369329544162,17143.032967067895,0.7130420525423468
2022-09-14,16497.0,3623.0,29430.0,2147.0,SPb,22387522.48901139,0.2004274644888557,44889.362637416794,1.0650143240197387,6798745.758271519,0.9220115060153206,12351.192307727146,0.6970254843482429
2022-09-15,21385.0,3635.0,30918.0,2124.0,SPb,23577881.802198198,0.12382402689933739,53888.55494510888,1.028836291998061,6471831.016513363,0.8516560319462474,9637.346153880919,0.6553094406453945
2022-09-16,19620.0,3879.0,32229.0,2176.0,SPb,22750154.153846554,0.3103927438111297,76445.91758247119,1.0884565335546317,5920058.489040894,0.7824229595803145,7866.219780254506,0.6619098580270967
2022-09-17,17775.0,4152.0,33345.0,2262.0,SPb,24277860.225275114,0.38467843750060293,111623.4945055476,1.1644689064508624,5090445.565964022,0.7128864320264745,8564.796703331442,0.7522808117989008
2022-09-18,12638.0,3973.0,33757.0,2291.0,SPb,23637163.296703674,0.282388351383932,117348.24725279993,0.9304249130712561,4111732.0275025326,0.6029529640836124,10355.91208794687,0.8143027600889859
2022-09-19,10261.0,3991.0,34048.0,2392.0,SPb,20304376.22527509,0.3092631246095537,112432.86263741484,0.885247140610438,2998922.269260824,0.8134629727965781,14833.296703331562,0.9275327330261194
2022-09-20,11688.0,4110.0,33857.0,2453.0,SPb,20444105.01648388,0.3254375015867503,105892.99450554619,0.9305265587092152,3152210.1813487257,0.9631838381018754,20367.7197802547,1.0677453160170176
2022-09-21,16699.0,3897.0,33538.0,2375.0,SPb,21081990.730769582,0.2953264084711471,91245.60439565571,0.8242982240132367,3491935.6318981177,0.9348955556529713,23334.48901102399,0.9614352068239876
2022-09-22,18838.0,3865.0,32725.0,2320.0,SPb,15713538.642857453,0.5627555060296465,76393.91208796311,0.7879696738011892,3545347.7637662017,0.8623782936689883,23833.29670333176,0.8888438267618496
2022-09-23,18638.0,3936.0,31109.0,2345.0,SPb,16558985.763736567,0.605467398635982,63745.302197852914,0.785174957948966,3042976.6428870303,0.8094487469661041,22715.14285717803,0.8225927043805537
2022-09-24,14535.0,3787.0,30165.0,2330.0,SPb,16536667.384615688,0.5485500599532087,53447.71978027032,0.7266274423099228,2845990.87915075,0.8495719281646349,17531.67032970563,0.7641218691473749
2022-09-25,11797.0,3314.0,30591.0,2261.0,SPb,16817921.258242063,0.46713572734973396,63927.939560490195,0.6900195436646496,2762794.373656235,0.8425834768605307,12237.978022013409,0.7556702057997201
2022-09-26,7041.0,2470.0,30533.0,2317.0,SPb,16881672.686813492,0.7161710820360057,185186.43956049072,1.341449004562572,2756580.417612278,0.8164707252425998,9771.846153881606,0.7821836065011747
2022-09-27,10340.0,2081.0,29405.0,2364.0,SPb,18237569.802198116,0.6974090555495012,377059.01648356835,1.2986648820623445,2915076.7472826196,0.8247057412190311,9067.917582453092,0.7293048374342157
2022-09-28,13640.0,1771.0,26638.0,2338.0,SPb,18092035.478022303,0.6104185207097935,621868.9945055475,1.2029336737736358,4503694.0659640115,1.175041347274553,7268.10989014546,0.579624529265535
2022-09-29,17472.0,1782.0,25927.0,2232.0,SPb,15122433.978022316,0.5442976242617917,825810.989011043,1.0831830273907495,6831776.181348755,1.1506247639951541,5001.296703332306,0.40630997076860725
2022-09-30,14695.0,1836.0,23692.0,2157.0,SPb,12866378.071428929,0.49327756848559723,960098.9505495057,1.0092073294634283,10786142.725305019,1.185887256259883,5442.994505530105,0.6850402110410566
2022-10-01,12080.0,1864.0,23432.0,2097.0,SPb,11879109.142857522,0.5595300570702676,1003068.0934066498,0.9851069999801568,13720227.324206373,1.073445932576728,8781.97802201358,0.9571298024441794
2022-10-02,8183.0,1861.0,23383.0,1989.0,SPb,13954233.45604435,0.5880522548629527,1021240.5769231345,0.956396754416844,15344727.32420664,1.0039655983030422,15953.648351683842,1.1610000040502466
2022-10-03,6538.0,1750.0,23906.0,2035.0,SPb,16672943.978022385,0.7078169154951496,1002955.4945055533,0.9239391477146892,15154592.68684426,0.9428331746937368,19101.917582452992,0.9258662206723252
2022-10-04,8545.0,1763.0,21784.0,2023.0,SPb,18019305.016483933,0.7289984267267225,900809.4120879722,0.9058184633639659,15602686.725306105,0.9585384577672607,19413.785714321028,0.9565780650558979
2022-10-05,11170.0,1632.0,20124.0,2014.0,SPb,16876655.142857578,0.6202716325882419,804770.9230769846,0.8727115785309218,16264100.109921835,0.9794990288639788,20522.57142860665,0.9648105756124417
2022-10-06,13064.0,1465.0,18638.0,1933.0,SPb,13533509.142857598,0.5007105212389397,678230.2637363265,0.8002369541164239,17321321.71981231,1.0230859281008353,24169.30219783732,0.9841437548135893
2022-10-07,13117.0,1443.0,17753.0,1917.0,SPb,10056644.225275198,0.5312219714329328,470366.1153846794,0.6817597051603002,18879277.10442804,1.0175371936181792,25989.478022013038,0.9623597511330593
2022-10-08,10146.0,1318.0,16477.0,1859.0,SPb,9441967.186813673,0.5321508476647058,249227.82417588946,0.5519919842612147,20779502.423109714,0.9877329043407971,28310.83516487006,1.0080040486368806
2022-10-09,7413.0,1305.0,16666.0,1801.0,SPb,10461656.68131918,0.5807050272470976,94965.3241758905,0.7121307548752983,19941171.516516667,0.9144208579517362,32718.74725278201,0.9846114834139033
2022-10-10,5357.0,1216.0,16368.0,1852.0,SPb,11679614.307692815,0.7529190413108964,66192.22527479226,0.9065719992140759,17290059.45607748,0.8840290573836729,30983.939560474184,0.8594670007547238
2022-10-11,7502.0,1232.0,15039.0,1890.0,SPb,12473225.14285766,0.7262395320516327,61261.494505561954,1.0283815691295104,15064434.533000926,0.960707170533005,23670.796703331187,0.7653249757072015
2022-10-12,10025.0,978.0,13367.0,1897.0,SPb,11736698.686813716,0.5794476652621015,83905.5659341338,1.1067388590952807,15524763.230803467,0.9782326640862359,15294.219780254138,0.753681055444504
2022-10-13,12122.0,951.0,11954.0,1827.0,SPb,7943137.148352196,0.5247644581136992,101242.4175824859,1.0306176401168312,16200764.686847784,1.047517367197212,11201.939560473797,0.7603274072929506
2022-10-14,10257.0,963.0,11200.0,1756.0,SPb,6142284.532967597,0.5134297250526421,106849.76373633252,0.9609812712041488,17860827.93959536,1.0177143971127471,9877.758241792353,0.8140510736635574
2022-10-15,9061.0,911.0,10492.0,1692.0,SPb,5678569.450550025,0.5957422131559577,105168.92307699236,0.9268747280512132,18735771.01651877,0.9822186487402238,10609.873626407607,1.0293615325033674
2022-10-16,7345.0,726.0,10825.0,1660.0,SPb,5893917.032967611,0.566432150227536,106559.60989017977,0.9810779422579915,17551179.0165191,0.8897212247904229,13420.83516486904,0.9791812182373569
2022-10-17,3635.0,709.0,11105.0,1726.0,SPb,7776065.917583005,0.7545290293699892,105638.72527479567,0.9118249221584072,13769327.538497455,0.8860397656454967,12315.565934099714,0.832412813130261
2022-10-18,6473.0,647.0,10211.0,1766.0,SPb,8290582.225275319,0.6762944270136552,95631.51648358743,0.9244612180469425,11485313.32421204,0.9074770900225112,10043.516483550184,0.7345931891377007
2022-10-19,9329.0,687.0,9116.0,1756.0,SPb,7931961.494506096,0.5580705726428424,83071.32417589558,0.9221387972693882,10279876.840695843,0.9432617591620619,7409.648351681973,0.7686068899069181
2022-10-20,10068.0,574.0,8195.0,1670.0,SPb,6661920.879121491,0.45320138979212005,81431.29670336856,0.9163295269054466,9839033.054981831,0.9544171028018524,7350.401098934643,0.7736505876053004
2022-10-21,9806.0,551.0,7633.0,1598.0,SPb,5196839.763736887,0.4925995874311716,74138.46153853383,0.9261574085750851,9394865.142894184,0.9740322461452113,8417.824175857626,0.9120087327670006
2022-10-22,8025.0,539.0,7262.0,1596.0,SPb,4970323.956044586,0.5198340884222996,68826.70879128146,0.8773754375007714,9178920.22531201,0.9204448986088836,9670.686813220183,0.9391302550534388
2022-10-23,5725.0,536.0,7612.0,1524.0,SPb,5408239.384616021,0.4950943811021154,57988.87912095217,0.8558909063843932,7682522.862674886,0.8382861795415909,12938.373626406916,0.988048934168531
2022-10-24,3126.0,524.0,7314.0,1565.0,SPb,6737854.093407237,0.6974225413869604,48057.538461611846,0.7580482037471593,5700393.324213588,0.8253793888523275,13403.565934099139,0.8500148297213377
2022-10-25,6654.0,464.0,6628.0,1596.0,SPb,6858838.53296768,0.5859792840058472,33473.978022051786,0.9112924836053746,4355603.824213811,0.8843148888790348,11381.104395637514,0.7385450372258756
2022-10-26,9081.0,471.0,6144.0,1568.0,SPb,6624778.4010995515,0.4746539005127935,29927.76373633775,0.8656631608171653,3778200.3791590584,0.9534447427540964,8523.142857175879,0.7481600283224422
2022-10-27,9167.0,468.0,6026.0,1544.0,SPb,5332582.879121538,0.45394211762894265,25036.725274799526,0.7721023595988411,3574107.8077306454,0.9556159264663641,7159.456043988981,0.8043716837983296
2022-10-28,9412.0,473.0,5782.0,1497.0,SPb,5050728.950550113,0.47050428060210175,16814.417582492075,0.6624874020992519,3465747.8077307907,0.968363196035839,7491.032967065826,0.9052289097930728
2022-10-29,7565.0,476.0,5465.0,1474.0,SPb,4882667.324176491,0.46706683577049907,8943.785714360421,0.8154013743435279,3473067.340697958,0.9217027158897825,8657.6923077251,0.9423719861883076
2022-10-30,6127.0,469.0,5442.0,1486.0,SPb,5023179.016484188,0.45461469612584704,7112.307692382525,0.7541277340083256,3044645.609928871,0.8262223190081575,9481.802197834932,0.8803991177396531
2022-10-31,3203.0,398.0,5411.0,1531.0,SPb,5289552.115385288,0.6229249108620051,6030.642857217843,0.8344961517322645,2135858.1813575947,0.7993706750622545,8345.016483549152,0.7376482854663139
2022-11-01,6124.0,426.0,5092.0,1584.0,SPb,5348642.417583092,0.5697620347987873,5194.000000075096,0.6110054124978497,1492354.879159929,0.8459372375104353,5605.016483549097,0.5595459116167527
2022-11-02,7510.0,461.0,4839.0,1604.0,SPb,5041401.324176504,0.4950941640261976,2479.516483591692,0.7162884530735726,1177384.3791600433,0.9191288193953036,2920.796703329269,0.5381129275102202
2022-11-03,8116.0,412.0,4627.0,1588.0,SPb,4469293.719780907,0.43041859784567826,2207.1428572181476,0.7202443280974341,1071795.1044348641,0.9571599943154516,2010.6868132193526,0.6304388139226157
2022-11-04,7884.0,407.0,4471.0,1482.0,SPb,3938103.6098908037,0.447014222567264,2033.0769231522863,0.6909372710743894,1035935.9395997835,0.967718084567898,2185.3241758566755,0.4560032500142051
2022-11-05,4298.0,388.0,4622.0,1438.0,SPb,4331056.373627081,0.42488442313343094,1965.8736264490665,0.6568531957287964,966512.6428965572,0.8515715765132831,2744.4010989335407,0.7061003301197305
2022-11-06,3552.0,349.0,4594.0,1473.0,SPb,4998871.807693021,0.4600654408994376,2139.516483592019,0.7106001727111881,718572.33520433,0.7974111971777869,3011.450549482972,0.6890236252491023
2022-11-07,2815.0,351.0,4642.0,1511.0,SPb,5170012.37362709,0.7247622537438368,2091.0384616140864,0.8742821417068606,466905.1703692364,0.8293040371213041,2934.9010989335006,0.6054300902779848
2022-11-08,6012.0,370.0,4189.0,1537.0,SPb,5187826.109890828,0.5877169801470983,2223.258241833915,0.7966720321211459,382384.4396000706,0.9211902032938091,2555.93956047194,0.5851473426121827
2022-11-09,9139.0,277.0,3974.0,1538.0,SPb,5211182.263736982,0.5094064666069231,3472.5329671087393,0.949569621138032,368911.36267705157,0.9194782731509521,2410.8846154169833,0.5944730523473097
2022-11-10,9408.0,305.0,3867.0,1510.0,SPb,5314416.335165552,0.5091204899847004,3888.9890110648657,0.806152719486205,341520.5330067793,0.9293342091568588,2370.5329670653214,0.6119917539802068
2022-11-11,8848.0,328.0,3865.0,1486.0,SPb,5085488.115385335,0.5759160190582278,3701.763736339664,0.7200137959241474,310543.07696287433,0.9436649220390159,2414.8351648675152,0.5968093629880082
2022-11-12,6873.0,355.0,3917.0,1477.0,SPb,5003276.994506217,0.5564837854101381,3089.4505495265375,0.6248955349193603,287612.26377610234,0.878275037902969,2395.5000000323507,0.6128533869630987
2022-11-13,5751.0,391.0,4102.0,1471.0,SPb,5030444.02747325,0.5349759792936754,2435.450549526576,0.6965938413897655,229800.83520470947,0.7709699964356326,2484.2637362960804,0.6809550119195174
2022-11-14,3116.0,406.0,4287.0,1506.0,SPb,5073711.230769954,0.6634445611287194,2471.1428572188797,0.6784348301209809,152775.9560838603,0.7452444030968487,2472.8626373949705,0.6178598501202291
2022-11-15,5833.0,439.0,4122.0,1524.0,SPb,5091623.719780944,0.5816119731394358,2588.642857218874,0.6305159484577468,111257.82421575423,0.75089684913421,2089.78571431802,0.4706305196137093
2022-11-16,7851.0,442.0,3955.0,1510.0,SPb,5159829.3406600645,0.5457617662184024,2360.747252823279,0.7648056234863103,92975.53850149199,0.7818810380870264,1366.7087912410548,0.24135446685865342
2022-11-17,9096.0,465.0,3845.0,1498.0,SPb,5488269.340660061,0.5769693554533284,2880.5549451309457,0.8551611057541636,89013.97806195232,0.8202131734687591,777.2582417904644,0.5607089563596483
2022-11-18,8015.0,467.0,3806.0,1491.0,SPb,5518142.3791216,0.6441979246958642,3417.917582493554,0.8995383109097956,90333.01652350843,0.7617780734324523,761.9780220102487,0.47474944581424866
2022-11-19,6470.0,458.0,3749.0,1480.0,SPb,5128686.071429283,0.5566694041086069,3844.0714286473667,0.8957859559596406,78374.83520485027,0.6999838917117714,501.2087912410365,0.5022133462224887
2022-11-20,5168.0,464.0,3944.0,1456.0,SPb,4550708.576923782,0.43122991240493325,4135.362637438521,0.8960108221948306,55681.97806201036,0.4297300929166476,594.7087912410286,0.7672535211254098
2022-11-21,4116.0,451.0,3999.0,1494.0,SPb,3885504.417583118,0.5990558200322483,4185.912087987923,0.8839076838013922,23570.840699390064,0.5278938669678103,585.6483516805812,0.5392806484288742
2022-11-22,4914.0,456.0,3862.0,1535.0,SPb,4110715.076923782,0.6628582289954825,4300.263736339531,0.8236612677232368,20338.571468629507,0.5982141570085682,574.0659340981626,0.37756251119636225
2022-11-23,8528.0,472.0,3694.0,1609.0,SPb,3913472.8626380702,0.4750575754703038,3103.478022053723,0.8050971996510216,24886.263776329233,0.6714109979281514,1367.9395604718234,1.0690722750061523
2022-11-24,9630.0,463.0,3827.0,1602.0,SPb,4009025.5659347726,0.5110662121558764,2058.247252822878,0.7297263406795956,25385.60443567095,0.6208128421191402,2066.532967065276,0.94772384240331
2022-11-25,10020.0,488.0,4056.0,1594.0,SPb,4489172.071429274,0.6743640232579198,1310.994505570053,0.6815803271268486,26177.93960050106,0.5653627722130866,2502.093406625769,0.8889071236823602
2022-11-26,7868.0,501.0,4293.0,1592.0,SPb,4569083.6923083905,0.6059014626514507,832.8846154600922,0.7422569375296735,34925.10443565593,0.6717811247716851,2727.670329702749,0.8576156786612109
2022-11-27,5774.0,547.0,4530.0,1605.0,SPb,4565112.401099599,0.5098632332251527,1047.1703297457311,0.9720541835678791,56884.7967433369,0.8584556096120165,2879.3406593731424,0.9183208148099316
2022-11-28,5642.0,579.0,4696.0,1677.0,SPb,3555933.7637369516,0.5966666554538892,1597.5384616137785,1.2929464496330259,87031.69234772166,1.1191733208946655,4193.785714318276,1.0556478195257644
2022-11-29,5868.0,574.0,4624.0,1738.0,SPb,3549381.6483523366,0.6539468896564821,2089.3241758994272,1.0519602718238097,112368.90113891715,1.0182232129104782,6686.53296706563,1.1419540492262379
2022-11-30,10424.0,598.0,4621.0,1708.0,SPb,4331983.63186881,0.5167931144757645,2732.1813187564944,1.1112678665139246,133000.26377626215,0.9803749094408746,7874.532967065719,0.9742694379557403
2022-12-01,11347.0,626.0,4784.0,1789.0,SPb,5332379.978022648,0.6788814901035726,3746.835164910263,1.1221918619516738,157636.11542458896,0.9963726190179215,10383.208791241674,1.0414610251723404
2022-12-02,10066.0,730.0,5025.0,1754.0,SPb,5822760.554945717,0.682873607832103,6936.071428646403,1.2894260804235902,194105.64839158967,1.019416001047738,11000.247252780255,0.9141371518284996
2022-12-03,10361.0,798.0,5353.0,1777.0,SPb,6251903.648352295,0.6819594636656698,11475.631868206681,1.2546128844825482,250651.0549849539,1.1145855955789112,11057.362637395774,0.8622947289883653
2022-12-04,9542.0,812.0,5677.0,1837.0,SPb,5822050.00000063,0.5833552754165581,15341.873626448272,1.107193274662374,349155.91762227076,1.142111118100822,10766.379120912434,0.9084596417691304
2022-12-05,4608.0,807.0,5839.0,1893.0,SPb,5533997.516484143,0.4016671072904838,17427.016483590956,1.0253274437411533,448333.93960024405,1.0766760211608781,11636.725274758779,0.9769137793816954
2022-12-06,8114.0,824.0,5847.0,1965.0,SPb,4655017.296703911,0.41243735638008144,18741.302197876492,1.0046337331835862,493912.5934463454,0.979913653153453,14353.758241791946,1.1107515400308041
2022-12-07,13060.0,872.0,5969.0,1989.0,SPb,6201773.956044553,0.3869974259336056,20451.192307766407,0.9935949753379477,484850.0934462854,0.9640969412299,17928.26373629761,1.050506002105565
2022-12-08,17493.0,863.0,6294.0,2026.0,SPb,11697708.532967597,0.7630428118265795,19848.994505568407,0.9520308315029727,497659.5165231432,1.0086553867772539,21022.06593409999,1.020372270424112
2022-12-09,15472.0,902.0,6736.0,2084.0,SPb,14425565.807692852,0.7478856836323411,19412.247252820955,0.9417473786177063,574113.1428966986,1.0785209937556957,24021.296703330958,1.0120222290789707
2022-12-10,14919.0,949.0,7112.0,2162.0,SPb,16001929.208791723,0.7289027233506771,18885.478022051506,0.9688562406165528,702284.7088306898,1.1134019151694492,27522.72527475977,1.026580482054742
2022-12-11,13703.0,907.0,7402.0,2133.0,SPb,15103120.423077406,0.6670238452577875,16974.7087912821,0.9031077543997282,859487.2582811628,1.102017548662733,26930.90109893582,0.9802649884631148
2022-12-12,7801.0,914.0,7671.0,2269.0,SPb,13736603.912088387,0.5178276767424485,14922.373626446768,0.8437957286250868,1026299.758281084,1.061395608767196,32096.26373629871,1.0759393418056356
2022-12-13,9198.0,948.0,7773.0,2310.0,SPb,11944222.263736725,0.5931619218412931,12008.461538534491,0.8011871542188571,1104176.950588693,1.005826877316431,37916.83516487038,1.020105541612607
2022-12-14,13850.0,973.0,7931.0,2308.0,SPb,12399654.37362682,0.5459908415151096,8956.950549523313,0.7243299817128018,1108032.5549842094,0.983873425038706,38681.670329705805,1.0062911499402563
2022-12-15,17648.0,1024.0,8008.0,2353.0,SPb,15188747.01648394,0.6186078146968619,6446.489011061577,0.8957545849081562,1055562.8406984096,0.9632836908827236,41259.956043991755,0.9668207343994962
2022-12-16,16696.0,1098.0,8380.0,2452.0,SPb,16513581.3021982,0.6355037524627438,7615.192307764692,1.1297591900261301,1037884.5714675515,0.9929447603431076,43047.14285717886,0.9810860992325114
2022-12-17,14580.0,1153.0,8704.0,2407.0,SPb,16514160.835165214,0.5987355242621856,10691.208791281002,1.1448969661970805,1064821.4560828474,1.017938667755984,38997.14285717913,0.9184032599539935
2022-12-18,11215.0,1226.0,9160.0,2425.0,SPb,15921780.950549822,0.4689333657629155,15299.802197874213,1.1488708309303335,1171014.6813574806,1.036369649137059,34810.06593410247,0.9055607739996016
2022-12-19,9161.0,1217.0,9460.0,2551.0,SPb,11706478.461538814,0.43411769862704097,17566.06593413775,1.0313834492705656,1268761.785752989,1.0077469491280933,34831.75824179506,0.9715989786177862
2022-12-20,8240.0,1231.0,9423.0,2649.0,SPb,11611639.230769584,0.6295552919938028,18959.258241829863,1.0260130239568026,1215907.7198188277,0.9439670383528989,38755.36263739977,0.9964002535344346
2022-12-21,13398.0,1157.0,9311.0,2626.0,SPb,11619071.51648387,0.5147007903709881,18281.208791280274,0.9059284157239618,1042050.2692692878,0.9035814018136065,37834.86263740005,0.924924791549334
2022-12-22,15564.0,1006.0,9014.0,2580.0,SPb,10580601.785714645,0.5117031839421514,15844.708791280204,0.8245384328033979,815812.0275109733,0.8691576476677728,33025.41208794974,0.8692441885264858
2022-12-23,14990.0,1068.0,8956.0,2588.0,SPb,10410948.37912124,0.5127525672059461,14024.181318752651,0.8214239594735915,636479.9395988259,0.8601920934024124,28278.950549488418,0.8713399190217785
2022-12-24,11828.0,997.0,8880.0,2577.0,SPb,10145614.901099274,0.4803211703267467,13352.7087912801,0.7712131877321351,495719.93959877826,0.8435840946775572,24413.978022016057,0.7765519910096306
2022-12-25,10194.0,973.0,9148.0,2539.0,SPb,10486431.346154232,0.5357642699558722,12053.016483587764,0.7539629525768523,397943.93959873146,0.8460871532878497,16708.901098939292,0.8104101658446281
2022-12-26,5709.0,882.0,9154.0,2609.0,SPb,12296746.99450589,0.6245462104140391,12895.917582488879,0.8417578630713806,319956.06597231847,0.7976184368110735,14250.439560477882,0.8057156681157563
2022-12-27,6065.0,851.0,8826.0,2669.0,SPb,14495476.065934472,0.797733137801184,15359.824175895516,0.9232421608336896,231602.42311514769,0.7094044221986415,13064.950549489004,0.7626660169932289
2022-12-28,10093.0,709.0,8302.0,2574.0,SPb,14481376.994505916,0.644393097118467,23918.065934137398,1.119296738856784,187125.2308074455,0.6125953954748796,9288.335164873713,0.6098048439419371
2022-12-29,10324.0,713.0,7905.0,2448.0,SPb,11738096.335165288,0.5744140905863568,31701.60989018149,1.049290991987031,202160.40113711858,0.8935479380718092,7159.186813225393,0.6056268231424325
2022-12-30,9718.0,717.0,7448.0,2300.0,SPb,9412351.93956092,0.5460250251540409,37502.43956051134,0.9952821707590308,339000.53300527507,1.2023809814020778,11091.142857181385,0.7475302335084827
2022-12-31,7287.0,708.0,6916.0,2113.0,SPb,8960626.725275235,0.6148508072269525,40683.45604402802,0.9418279902964768,603408.4011371904,1.2640696656268495,23222.681318719748,1.2175110111906806
2023-01-01,6671.0,728.0,7094.0,1899.0,SPb,9775151.208791737,0.666936797511033,38100.42307699528,0.8908436005188434,764420.1813570253,1.041006533281566,50487.97802201628,1.4118597688398666
2023-01-02,1180.0,615.0,7156.0,1854.0,SPb,15288575.104396164,0.8305599072734481,36989.03846161092,0.870019773839075,824501.4121263169,0.9813886198601657,77590.55494509297,1.1632314990301371
2023-01-03,2542.0,507.0,7011.0,1920.0,SPb,18603308.33516542,0.8468487158137116,35612.642857215644,0.9202800113210203,858666.994543963,0.9716260839956464,91028.98901102679,1.0272903092351924
2023-01-04,2919.0,328.0,6868.0,2017.0,SPb,19306264.989011616,0.7647747329986844,43096.41758249074,1.1323516422756148,876023.033005566,0.9828657089424125,94311.5659341035,0.961914173705067
2023-01-05,4276.0,330.0,6708.0,2021.0,SPb,15654410.923077596,0.6573124345747237,51356.98901106248,0.988509341561871,913299.1428957368,0.9724218839088742,95543.20879124616,0.9395126819305213
2023-01-06,3046.0,387.0,6503.0,2109.0,SPb,11923157.82417655,0.6754018459372666,48367.32417589796,0.9218011214782589,938435.6538848126,0.9658442367494877,90329.47802201519,0.9011621184088727
2023-01-07,3951.0,313.0,6314.0,2078.0,SPb,9972128.796704056,0.6365792940358029,47863.71978029388,0.9167242621233049,946274.6428958697,0.9137108263748585,83828.76923080621,0.8935106807757491
2023-01-08,3635.0,345.0,6277.0,1995.0,SPb,8811149.758242546,0.7500856897050638,42487.76373633813,0.8950487099213086,818262.74729155,0.8401293056208768,78687.67032970714,0.854214740639458
2023-01-09,2346.0,277.0,6242.0,2092.0,SPb,9526230.730770033,0.7761307833950476,40609.604395679075,0.8914936793485494,602390.7472916275,0.7903810663651464,64146.33516487181,0.7409587414503535
2023-01-10,5685.0,304.0,5588.0,2132.0,SPb,9491208.093407396,0.6778038415276691,35617.47802205295,0.9214527654823507,497529.36267632863,0.8855473972173621,41801.82417586063,0.6533278078843787
2023-01-11,8790.0,335.0,5038.0,2058.0,SPb,8644122.065934874,0.5936851887995451,33504.99450556961,0.8742804432417567,544875.2967423489,1.03673405055716,24053.69230772858,0.5371425265111893
2023-01-12,8705.0,396.0,4915.0,2006.0,SPb,7547427.478022793,0.5572855757769555,28925.912087987334,0.8083765474161253,605102.4395995707,1.0613802528668368,12576.263736299852,0.39923628613873485
2023-01-13,8173.0,442.0,4967.0,1942.0,SPb,6609247.450550273,0.6373898569527175,23001.32417589955,0.7379751696615989,657789.6099293065,1.0506948978204824,7544.593406629391,0.44510047752517756
2023-01-14,6677.0,497.0,5076.0,1920.0,SPb,6415877.450550277,0.6164081747115748,17145.494505569975,0.5923090592356599,713050.2692700146,0.9739035163013249,7350.53296706888,0.6631646572883291
2023-01-15,5528.0,554.0,5302.0,1805.0,SPb,6197721.456044788,0.7199278296012268,10917.824175899725,0.5919814171522962,675418.269270062,0.9020253990915672,9486.708791244671,0.7104972639114215
2023-01-16,3786.0,608.0,5530.0,1850.0,SPb,5224222.950550271,0.7092628284618722,10692.093406668959,0.8472949245042442,574463.32421516,0.8594448763232195,9575.456043991924,0.7688983097087916
2023-01-17,4873.0,663.0,5331.0,1870.0,SPb,4729346.527473337,0.6753303484658985,14958.950549526031,1.1345810814246466,484094.09344597376,0.8403107209129108,10339.192307728172,0.839945200346525
2023-01-18,7486.0,687.0,5320.0,1869.0,SPb,4637078.071429361,0.6757697428559971,19481.95604403136,1.0776338024454999,391707.41212733346,0.8069400620573014,11345.917582453403,0.8461947645664493
2023-01-19,8592.0,674.0,5312.0,1872.0,SPb,5156942.642857913,0.6850940742333573,22196.153846229005,1.0341857169894861,303851.4560834144,0.7754544326605468,12036.06593410171,0.8191107163801961
2023-01-20,7537.0,712.0,5560.0,1859.0,SPb,4691186.461539213,0.6453071314372197,25940.796703371718,1.0128515870424997,229266.37366585693,0.7210543333965069,11203.648351684054,0.8165796101056632
2023-01-21,6416.0,730.0,5722.0,1831.0,SPb,4300375.609890849,0.5706968460901168,27249.076923151748,1.0038557499463587,178679.64839114726,0.634691430516596,10827.71978025541,0.8826373791585344
2023-01-22,5383.0,671.0,5827.0,1753.0,SPb,3801388.8406600724,0.4155362393003967,26263.912087986762,0.8927998055160699,135296.6813581921,0.5075761129499976,12806.269230804792,0.8863463305172995
2023-01-23,3417.0,664.0,5921.0,1783.0,SPb,3210908.8791216062,0.632732004524776,21345.609890184383,0.851524735519124,101533.47806149731,0.8468064556435116,11378.417582453054,0.7281343884766053
2023-01-24,4636.0,669.0,5798.0,1824.0,SPb,3421590.730769962,0.6816033586357378,16097.23076930509,0.8005287228818865,111198.09344610714,0.9123831217992541,6991.956043991427,0.6489095475018418
2023-01-25,7341.0,713.0,5631.0,1790.0,SPb,3045129.384616122,0.5184067212661657,11299.538461612603,0.7843923745453815,103166.5275120255,0.79595888357467,4553.450549485855,0.5669144143508545
2023-01-26,8148.0,704.0,5632.0,1744.0,SPb,2863342.335165575,0.5120067439412072,7461.38461545861,0.7094663664573385,81565.91762189662,0.7350065820612874,3381.6483516835797,0.5859839743446088
2023-01-27,7792.0,721.0,5839.0,1683.0,SPb,2763057.692308434,0.580215705090898,4436.840659414522,0.6361320106022724,65055.41212736808,0.7004708217980382,3972.225274760424,0.6953660378082204
2023-01-28,6320.0,733.0,6081.0,1664.0,SPb,2749148.423077666,0.5550770006566385,2426.9505495242997,0.5490886327049658,62796.923116352526,0.8387954528802725,4638.950549485624,1.0240922385298332
2023-01-29,6125.0,728.0,6412.0,1622.0,SPb,2709900.593407334,0.5093290551713769,1249.1043956780622,0.44319660272459777,94962.52751192755,1.1123269656198604,6884.219780254804,1.080937771981005
2023-01-30,3082.0,736.0,6587.0,1634.0,SPb,3014895.0549457986,0.5188004117645709,780.7087912823968,0.5255794803505062,145774.02751189953,1.0845351342434437,8113.75824179321,0.9718095798843319
2023-01-31,4515.0,741.0,6423.0,1670.0,SPb,3098505.7582425033,0.6014398662972525,766.9945055680738,0.6013949929709596,154882.02751187058,0.9096554738067838,7933.5384615733765,0.8815785850686066
2023-02-01,7829.0,813.0,6241.0,1698.0,SPb,3174808.1813194253,0.4206938080802917,1534.0714286449377,0.8418936487800791,138703.80223712092,0.7972900645701334,7075.719780254647,0.8119867622420891
2023-02-02,9110.0,822.0,6419.0,1644.0,SPb,3382702.6428578845,0.5070942306357897,2166.7307693042085,0.9739531648892452,121399.32421511367,0.8575759590841289,6326.576923111724,0.793430441547187
2023-02-03,8338.0,907.0,6380.0,1596.0,SPb,3585800.153846892,0.5667712611659335,4477.802197875544,1.249280854503907,113082.18135794917,0.8589715378815155,5986.989011023738,0.8208669568398076
2023-02-04,7904.0,915.0,6692.0,1576.0,SPb,3766387.7582424902,0.5848842194864383,6654.093406666665,1.091170926957181,129071.19234693455,0.9279403592218441,5873.500000034657,0.9448302306360143
2023-02-05,6142.0,910.0,7302.0,1516.0,SPb,3685946.269231498,0.4872694640188335,7732.219780292923,0.9914645120748462,214694.13190733505,1.1284360711405383,7643.186813221407,0.9838049528024435
2023-02-06,3294.0,1007.0,7905.0,1549.0,SPb,3744959.9120886405,0.4863187037827451,10557.25824183122,1.0910450252457282,398530.26377541444,1.238359400033214,7650.901098935634,0.8108479785360487
2023-02-07,5641.0,1013.0,7985.0,1583.0,SPb,3533584.1153853396,0.5115653460254739,12383.104395677208,1.0533413946400807,543821.5659731587,1.0646018725985393,5639.478022012502,0.7218025622300559
2023-02-08,8250.0,1034.0,8093.0,1566.0,SPb,3704411.1868139068,0.4449158711731978,14518.989011061669,1.0159766455448378,633319.3242148516,1.0055771187473705,4076.40109893553,0.7055649020077662
2023-02-09,10564.0,1107.0,8383.0,1495.0,SPb,4694334.00000071,0.5515441942438842,17581.346153918617,1.0581456140125756,716106.2857532401,1.0266178062201345,3932.7472527816312,0.8513400317895204
2023-02-10,8971.0,1224.0,8896.0,1481.0,SPb,4977365.258242463,0.5729793436019244,24084.4175824898,1.1299978482844408,879857.3461927194,1.0842521673965495,4481.032967067305,0.8824918675636373
2023-02-11,8344.0,1311.0,9305.0,1460.0,SPb,5100829.258242454,0.5723166322006,32525.758241830175,1.1196002282154889,1102738.4890497765,1.1105663850767156,5207.3626373969355,0.9547098806847866
2023-02-12,6066.0,1409.0,9990.0,1440.0,SPb,5109090.8791215755,0.48529391984768433,42632.247252818845,1.1166676208231499,1496003.9395991317,1.1459898548533372,6337.362637396897,0.9590156244868163
2023-02-13,3962.0,1326.0,10408.0,1467.0,SPb,4633484.725275418,0.48403292358673766,43864.115384686665,0.9527034544317374,1934936.0659726562,1.1004651419568876,6552.99450552873,0.8512156353451398
2023-02-14,5740.0,1203.0,10091.0,1511.0,SPb,4259826.071429258,0.5770651771112488,37964.73076930181,0.8766842545482867,2069644.3736648662,0.9810787087451812,5495.032967067155,0.6936431273863773
2023-02-15,8787.0,1271.0,9879.0,1526.0,SPb,4424875.785714968,0.49117985433407657,34733.565934136735,0.857275430396467,1946951.82421422,0.9309436273537736,3468.835164869313,0.657356820376525
2023-02-16,10754.0,1308.0,10239.0,1464.0,SPb,5095356.796703972,0.5715279433393492,30503.763736334273,0.8784023534241171,1819674.461576756,0.8993771117210306,2606.417582451685,0.6464768831993769
2023-02-17,8633.0,1427.0,11039.0,1461.0,SPb,5146876.439561113,0.5336586903976116,31263.76373633399,0.8911735494985731,1720120.335203006,0.9227958903989347,2255.5659341000023,0.6150118519105736
2023-02-18,9349.0,1420.0,11300.0,1446.0,SPb,5416765.917583085,0.57262938163023,29196.593406663393,0.8197223146146068,1590134.2253127736,0.9497484189717472,2078.4230769571127,0.7368856686252608
2023-02-19,6624.0,1508.0,12198.0,1458.0,SPb,5335323.807692973,0.4431411186648085,26942.593406663076,0.8853778281037713,1764291.9395983582,1.054397528443515,2153.6318681658895,0.7000854350546638
2023-02-20,3918.0,1412.0,12924.0,1553.0,SPb,4959504.379121541,0.5002330198784359,23215.2582418277,0.7451052383899593,2182495.9780597636,1.0684913790470036,2189.0164835505047,0.4477665009448683
2023-02-21,6009.0,1253.0,12295.0,1593.0,SPb,4861491.016484177,0.5391160089984334,17331.302197871537,0.5709309831781381,2138685.53849921,0.9155485525850331,2333.6318681658913,0.5264566660724499
2023-02-22,8412.0,1383.0,11835.0,1584.0,SPb,4880329.302198462,0.4637146272200311,11699.362637431801,0.41298839541529664,1833774.2198177928,0.8442824207347449,2555.170329704357,0.8017183110815741
2023-02-23,8197.0,1407.0,11711.0,1510.0,SPb,4194224.4395611095,0.4598689185465894,8026.835164904179,0.35794963164328064,1475813.0769605627,0.8222803585741438,2569.7582417922717,0.6365366890678882
2023-02-24,6336.0,1345.0,12138.0,1478.0,SPb,4058116.5549457367,0.42648047033706543,6777.609890178842,0.33313311370372806,1244491.0330044343,0.818899300646061,2577.6538461878754,0.61136823634252
2023-02-25,3839.0,1162.0,12217.0,1499.0,SPb,4731267.516484217,0.5072327287466255,9393.296703365731,0.4020369581329266,1047563.0330043582,0.8472889289145497,2467.2967033307405,0.5592126089999505
2023-02-26,4042.0,1056.0,12471.0,1509.0,SPb,5284153.142857851,0.5351698127866087,14833.763736332941,0.7326748262484074,985469.873663634,0.8701721969176828,2178.0274725615254,0.549993746023092
2023-02-27,3304.0,1063.0,12618.0,1543.0,SPb,5598048.065934777,0.6561685301517549,19534.527472596812,0.8021647660761133,969247.0165207187,0.8196010951649179,2155.478022012092,0.5885063866151324
2023-02-28,6573.0,1026.0,12450.0,1584.0,SPb,5523265.7197809275,0.5906166960378756,24448.708791278223,0.9040972883306314,804700.2857514259,0.6929118562702458,2551.3626373967227,0.6514454358268094
2023-03-01,9299.0,1130.0,11491.0,1554.0,SPb,5700884.708791915,0.4936058702383902,26251.494505564006,0.827630410270275,511883.14289424074,0.4870766312587055,2655.362637396728,0.6554761760608298
2023-03-02,13577.0,1215.0,11228.0,1517.0,SPb,7984614.153846849,0.7675785019947894,26448.22527479482,0.7844142159643452,325478.37915795104,0.4911022197135725,2425.0164835505852,0.5747921355718537
2023-03-03,9031.0,1334.0,11345.0,1517.0,SPb,8095428.725275419,0.535554941560122,24847.296703366294,0.7451797565501606,287211.56597112986,0.4877800838392457,2135.170329704442,0.47269363879258336
2023-03-04,8677.0,1407.0,11808.0,1538.0,SPb,7888600.4175831145,0.5890786888985403,24549.939560509163,0.6959963582553139,249703.30223485283,0.5888421627628905,1626.6428571769857,0.32395408702738976
2023-03-05,6512.0,1499.0,12922.0,1503.0,SPb,7895775.8021985,0.5521846009725746,24218.373626443234,0.7997440529688274,303398.6428941745,0.4745969175589554,1264.4175824517185,0.5248576489303994
2023-03-06,3865.0,1386.0,13740.0,1561.0,SPb,7920947.016484216,0.5935150864016755,23673.516483586107,0.8139265280586784,453928.22531173564,0.8704920100774416,1291.8461538802915,0.37526453379784935
2023-03-07,5088.0,1460.0,13320.0,1623.0,SPb,8118643.2087919125,0.6139392287253782,26452.093406662927,0.8532151952408462,549934.6813556651,0.7995991185158349,1623.8241758583188,0.41804982888081055
2023-03-08,7910.0,1241.0,12160.0,1562.0,SPb,8020709.076923783,0.5666526259637089,25568.884615454208,0.7277217872384022,537465.0384985137,0.6238276960245984,1499.8021978363367,0.492937690817504
2023-03-09,5098.0,1174.0,11987.0,1480.0,SPb,8076405.939561158,0.5581660628693793,24410.28571435543,0.7362329897957081,519658.48904795724,0.6452977020697075,1682.1098901440246,0.32954173352089594
2023-03-10,6887.0,1291.0,11706.0,1506.0,SPb,8071165.384616102,0.5324680209068359,23828.153846223584,0.7607639958705383,542307.6319051113,0.6631050958156841,1499.340659374798,0.30777488560232763
2023-03-11,7596.0,1302.0,11340.0,1473.0,SPb,7429771.170330372,0.4888813447193364,23418.92307699274,0.7219071762095838,601341.2967402987,0.7046999572924002,1693.3406593747936,0.369145266385384
2023-03-12,7023.0,1193.0,11542.0,1443.0,SPb,6725649.142857831,0.3974000970974332,20544.181318750918,0.6536889479598006,622070.2472897733,0.690591199300997,2253.9780220121474,0.5917824299116493
2023-03-13,3925.0,1168.0,11843.0,1514.0,SPb,6383433.785714973,0.45695482297797496,18055.912087981636,0.5615331921396254,605399.2308062768,0.6735699863639311,2250.950549484671,0.44533510348496536
2023-03-14,6433.0,1137.0,12014.0,1580.0,SPb,6398739.939561128,0.4457037530410236,14713.104395673889,0.5991825434350314,593018.7472898045,0.7128978707768185,2216.884615418736,0.40882952460068633
2023-03-15,9058.0,1221.0,11552.0,1590.0,SPb,6325384.571429261,0.2657106456779933,13187.60439567384,0.5983089871925061,588208.7967403524,0.6808317766243828,2461.7637362978626,0.5138354034706157
2023-03-16,10464.0,1306.0,11816.0,1590.0,SPb,3959384.8406600435,0.35749224828008563,12761.104395673789,0.6152494892517409,539792.4890480295,0.6528309225568277,2706.835164869303,0.5595993217356781
2023-03-17,8541.0,1411.0,11736.0,1583.0,SPb,3821097.148352354,0.338559716243948,13655.912087981442,0.601682575407583,506606.9011359315,0.6836970264910155,2842.4615384956855,0.5862947634089991
2023-03-18,7987.0,1418.0,12138.0,1557.0,SPb,3670085.7197809275,0.39832442388265216,13846.115384684732,0.5446432813808361,499248.98904801096,0.7169248732146312,2865.3241758583254,0.5734841640261417
2023-03-19,5961.0,1383.0,12787.0,1540.0,SPb,3723372.2637369735,0.3413902868903289,11264.79670336611,0.5915474607489553,484095.6099271353,0.5635716091249046,2750.461538495693,0.6115639700279332
2023-03-20,3588.0,1294.0,13879.0,1549.0,SPb,3855865.0164842275,0.3538698847498125,10541.939560509016,0.4715193107979505,520117.2308062527,0.7086154355131092,2727.516483550636,0.5725300461444596
2023-03-21,5846.0,1226.0,13197.0,1604.0,SPb,3694269.41208862,0.4112205491725012,8176.225274794852,0.6657485128858004,498679.4121249371,0.8466545109489876,2516.9505494846994,0.6647853391801031
2023-03-22,8277.0,1295.0,12367.0,1580.0,SPb,3762057.538462245,0.42137992551758874,8152.489011058561,0.6206073259014543,502975.2308062505,0.7263064982144829,2598.8406593748127,0.7101230360992775
2023-03-23,10176.0,1336.0,12077.0,1544.0,SPb,4191455.450550137,0.5134710842461381,7565.016483585952,0.7058091286306314,501490.7253117427,0.7093175270391525,2280.2472527814166,0.6771071265415716
2023-03-24,8231.0,1383.0,12190.0,1535.0,SPb,4241552.6813193625,0.4806001573601416,8263.609890179314,0.7368143864398602,485726.15388315864,0.6693952005128699,2158.98901102318,0.602620943252249
2023-03-25,7770.0,1344.0,12179.0,1535.0,SPb,4249906.593407274,0.4823065090385275,8461.148351717757,0.7325165575257736,427968.84069632366,0.647398799946108,1711.3626373968166,0.3690041178866388
2023-03-26,6044.0,1279.0,12483.0,1515.0,SPb,4371706.027473212,0.4489322004295414,7654.071428640791,0.6372539271448145,390613.2088281674,0.6430537066488367,861.6043956385873,0.39980733791211287
2023-03-27,3377.0,1183.0,12730.0,1543.0,SPb,4678302.994506181,0.6064321784741551,7365.362637431992,0.5257629095676813,383882.7308061663,0.6470508654875368,724.0934066276036,0.5960526093058424
2023-03-28,5801.0,1137.0,12774.0,1568.0,SPb,4788027.917583106,0.5760696410889372,7365.362637431992,0.7365914890967215,383807.5659709816,0.6062526623041169,698.1153846495797,0.5127212105662422
2023-03-29,7551.0,1149.0,12040.0,1530.0,SPb,4524791.450550145,0.46603054403898453,8623.384615454004,0.8555860363378456,335517.0165204194,0.5235685194996503,673.7197802539639,0.40129385087318575
2023-03-30,8909.0,1054.0,11886.0,1485.0,SPb,3896392.027473228,0.48494982515350293,12771.692307761812,0.9824671417738169,328967.78575118684,0.49580761611140367,899.2967033308655,0.48569925091249166
2023-03-31,7364.0,1562.0,12319.0,1494.0,SPb,3717067.670330375,0.453426164477878,17490.02747259691,0.17428994593801317,288160.98904787493,0.47774835013867517,981.939560473705,0.6014492753617376
2023-04-01,6734.0,1067.0,12173.0,1463.0,SPb,3623553.9395611486,0.4834188119975031,19312.52747259707,-0.23334922812303954,286281.56597095093,0.5409976388358364,1386.862637396764,0.7829770738724492
2023-04-02,5381.0,1022.0,12187.0,1442.0,SPb,3725181.4120886233,0.4302206108131777,21996.225274795044,-0.04377849057465529,286037.60992701043,0.445187932828992,1992.0934066275154,0.9041405602231084
2023-04-03,3070.0,995.0,12473.0,1477.0,SPb,3999459.5659347796,0.5984212187205941,25802.725274795182,0.1438048580231705,120933.03849847548,0.20107762767963536,2125.807692341787,0.7319137211679398
2023-04-04,5379.0,998.0,12063.0,1508.0,SPb,4080145.362638078,0.5715190016134667,29185.14285721287,0.26224453000125836,67198.8846523512,0.25619532532077066,1580.4010989351732,0.6503624140906428
2023-04-05,7297.0,947.0,11505.0,1461.0,SPb,3913825.3626380814,0.4433262632248237,32764.57142864161,0.328130662671122,108934.84069632979,0.45283478232435376,1413.6703297043787,0.6929680251738862
2023-04-06,8619.0,862.0,11107.0,1452.0,SPb,3242099.631868857,0.463592849207681,37103.49450556492,0.37257932772926483,197471.32421283875,0.8618908266767715,1496.5714286054574,0.7208675167805392
2023-04-07,0.0,874.0,10664.0,1452.0,SPb,5937028.527473285,0.018454944657863327,36703.56593413661,0.37151968425116016,354565.47805903264,1.0696527609033675,1549.0164835504936,0.711127848818613
2023-04-08,0.0,891.0,10521.0,1452.0,SPb,8073436.989011776,0.4620654316250734,34719.8241758951,0.3563558881420737,515883.41212501045,1.0332660335272896,1525.7582417922347,0.7327957754136492
2023-04-09,5458.0,820.0,10626.0,1337.0,SPb,8039429.670330459,0.3328665271464364,35211.609890181055,0.39330463468393534,602274.7253118728,0.9316902241301318,3069.0769231108793,0.8941695543552413
2023-04-10,2644.0,756.0,10687.0,1368.0,SPb,8300623.346154639,0.3543971950332117,38845.80219787356,0.4589875090956939,605137.1703668716,0.8710982147817167,3452.7307692646896,0.6795041111996449
2023-04-11,5154.0,691.0,10088.0,1399.0,SPb,8280704.989011784,0.32142768950697426,44310.52747259905,0.5226446634124314,653780.3352021071,1.029650067414651,2775.802197836082,0.6151109542340955
2023-04-12,6845.0,739.0,9467.0,1426.0,SPb,8066849.054945853,0.2476887713156008,45513.49450556628,0.550995826914133,894214.461575801,1.1004321843661549,2291.230769264631,0.6088501680244195
2023-04-13,7562.0,810.0,9049.0,1388.0,SPb,7428630.093407396,0.22857353732586344,45803.07692314882,0.4408265618294383,1199815.4780593924,1.0723915421275358,2351.456043989886,0.5848071402644163
2023-04-14,6431.0,804.0,8673.0,1389.0,SPb,7166933.846154652,0.22122393480448396,13259.054945127213,0.8149931732138397,1446701.7637737738,1.0653286583500774,2219.3406593744803,0.6076716360245922
2023-04-15,5961.0,796.0,8447.0,1353.0,SPb,7008277.719781028,0.23190078042662984,10577.346153918556,0.8016084214409471,1654702.6428947507,1.0240515909858245,2517.912087945887,0.6773365162034588
2023-04-16,4995.0,768.0,8760.0,1284.0,SPb,6995450.642857953,0.2389800178464406,8757.478022050545,0.776217268344137,1625121.2308069286,0.903450995346992,3807.9560439898128,0.8246713645218833
2023-04-17,2743.0,672.0,8810.0,1305.0,SPb,7098080.131868944,0.25888281239431227,8475.296703369382,0.7377409130590954,1356132.2472905417,0.8775157669803556,4159.516483550221,0.7027429062767131
2023-04-18,4922.0,538.0,8082.0,1328.0,SPb,7081771.258242572,0.2319820089115913,10729.802197875097,0.9497558873616834,1245079.8461917453,0.9409288153469498,3431.6043956381013,0.687075607024578
2023-04-19,6561.0,547.0,7674.0,1293.0,SPb,6849300.401099717,0.13590156977886983,12092.439560512652,0.9662118299254457,1258446.2472907475,0.9764499923138543,3490.6813187149937,0.6961379591900272
2023-04-20,7769.0,589.0,7520.0,1252.0,SPb,6407991.6098909285,0.496395505492066,12915.939560512781,0.8540406647589202,1277071.0549831493,0.9871742495079888,3925.8461538797924,0.7266376778181761
2023-04-21,6073.0,578.0,7414.0,1231.0,SPb,4568039.450550246,0.2115460807284834,12860.642857216219,0.8068410315578582,1309106.7692689488,0.9621991530282793,4252.489011022612,0.7229019399609614
2023-04-22,6064.0,574.0,7410.0,1245.0,SPb,2322227.054945828,0.3885010514752832,11416.725274798788,0.8355243147085848,1266219.4121261735,0.89969801618589,3848.7252747588427,0.9224416354723957
2023-04-23,4372.0,541.0,7491.0,1145.0,SPb,2439526.9890117664,0.34840545151188773,11464.2472528209,0.8912236121969607,1070557.5165218601,0.8060689542822904,6228.681318714855,1.0808846853892011
2023-04-24,2752.0,563.0,7666.0,1207.0,SPb,2391605.8461546227,0.5712526537877933,11620.131868205612,0.8967664073755834,724984.9945439181,0.7739286327593352,6760.335164868674,0.84814433071104
2023-04-25,4917.0,612.0,7476.0,1237.0,SPb,2411369.3021985795,0.4986580102871175,11663.104395678178,0.8526080565625804,503883.5000384926,0.8029371349208047,6247.63186816535,0.7420881457287066
2023-04-26,6217.0,636.0,6999.0,1228.0,SPb,2316265.2582425377,0.40943056875025174,11045.670329744162,0.7855726246501955,434535.41212646995,0.8629309315151599,4955.192307725753,0.7253300860139975
2023-04-27,7125.0,630.0,6860.0,1179.0,SPb,2192904.000000781,0.4397927904607574,8786.769230843154,0.71934692250288,410805.2088298244,0.9090054768770461,4522.263736297147,0.6674728875710644
2023-04-28,6024.0,615.0,6612.0,1199.0,SPb,2146002.840660123,0.4266391960142338,6337.038461612481,0.5984770094546467,439262.86267603247,0.9509903111032523,3405.230769264149,0.5907297903359271
2023-04-29,5129.0,570.0,6476.0,1191.0,SPb,2131822.269231555,0.4274512899448396,3813.78571435985,0.3664315924504541,477697.36267608416,0.8784579244776225,2687.802197835551,0.6696505211524619
2023-04-30,3226.0,499.0,6400.0,1151.0,SPb,2466795.054945847,0.41049391459733897,2127.3626374369096,0.24140182178449107,424532.5275113109,0.7781771652591163,2998.379120912453,0.669361649924065
2023-05-01,2094.0,431.0,6435.0,1187.0,SPb,2750005.1043963986,0.6915699619279339,2981.4560440304363,1.0303832343981831,293711.7857531315,0.8945015796050972,2593.807692341005,0.4760910932415211
2023-05-02,1901.0,195.0,6442.0,1228.0,SPb,3545872.615385421,0.7976166138350312,12858.725274799835,1.8523996543227033,258154.42311581195,0.9467157562929691,1638.8626373959319,0.26336723428199604
2023-05-03,1096.0,237.0,6125.0,1255.0,SPb,4380185.939561265,0.8051092560303386,19457.296703371416,1.0479088134984114,283815.0549839846,1.0032904917208152,1270.5549450882315,0.1837006916877837
2023-05-04,5249.0,294.0,5573.0,1221.0,SPb,3615130.5549458894,0.5719104105542923,22509.41208798694,0.9334593487072954,384406.48904996994,1.1068768405718772,1137.186813220094,0.15186228283904657
2023-05-05,6069.0,308.0,5281.0,1175.0,SPb,3614130.247253582,0.5674153159693638,24402.3791209541,0.9121083077386577,512093.4945445318,1.097128325196683,1158.1098901431608,0.05246033209327889
2023-05-06,4921.0,347.0,5058.0,1111.0,SPb,3422815.9120887513,0.5889288980508204,24762.835164910255,0.8908554978133337,635999.9560830556,1.0542409181304218,1583.670329703576,0.41443279735985283
2023-05-07,3675.0,319.0,5012.0,1050.0,SPb,3456628.0714294133,0.5761987786194467,25609.362637437836,0.888239128514935,694120.2472919126,0.9648584292256889,2942.3791209123515,1.0405512718696994
2023-05-08,1453.0,284.0,5080.0,1074.0,SPb,3889302.131868978,0.6786761492657117,26184.225274800607,0.8687597453959902,634443.3242150578,0.9150249257314839,3798.1098901431005,0.8661608047148222
2023-05-09,1986.0,231.0,5059.0,1123.0,SPb,4189149.8736272305,0.6614878684518873,25704.83516491068,0.841768606863188,551455.2308085283,0.9475354391830482,3684.1098901430823,0.750263319582035
2023-05-10,2288.0,177.0,4999.0,1135.0,SPb,3958828.4395613107,0.5726920279712617,24068.071428647167,0.8139447082428706,516861.82421517454,0.9308561039879817,3463.873626406804,0.7818638115093275
2023-05-11,5049.0,174.0,4631.0,1180.0,SPb,3182723.824176703,0.43492014567593335,20465.17032974629,0.7398302853019038,513444.84069875,0.9762636973003893,3466.439560472738,0.7467157400370337
2023-05-12,0.0,198.0,4259.0,1180.0,SPb,3512388.8791217804,0.19493898482019087,14881.494505570668,0.631940247066139,562819.0549845266,1.0106296083542188,3386.576923110098,0.7468865630614635
2023-05-13,5668.0,187.0,4109.0,1109.0,SPb,3697031.9175833166,-0.04026271248647694,9719.412087988436,0.5228667312120132,603175.1044351386,0.9898175061081835,3494.708791241954,0.7385994415759836
2023-05-14,3475.0,193.0,4101.0,1078.0,SPb,3702798.593407491,-0.019084460006753633,5966.708791285288,0.34872465238753403,598286.5714681668,0.9241484528992607,3927.494505527659,0.7850158562366136
2023-05-15,2288.0,189.0,4153.0,1125.0,SPb,3672212.6813195786,-0.059232936244010735,3610.5329671095806,0.8351079331374709,520723.64839130425,0.8373884629937076,3853.2307692639156,0.6863455820110178
2023-05-16,3896.0,246.0,4153.0,1160.0,SPb,3550835.565934956,-0.14253378322286184,3458.3736264502154,0.8141381151916682,384201.148391365,0.8033843579631398,3325.670329703469,0.5501310451296603
2023-05-17,5092.0,184.0,4153.0,1130.0,SPb,3296365.016484392,-0.044473715710693286,3697.4560440326586,0.8150093982064559,268503.2582815272,0.8700403816550404,2252.181318714444,0.4318670345551015
2023-05-18,5047.0,191.0,4153.0,1097.0,SPb,3249607.5659349416,-0.09486000564912958,3566.7252748019387,0.7664335616177221,219021.71982002634,0.8902882443114906,1656.7087912419015,0.37361336204645723
2023-05-19,4901.0,186.0,4153.0,1068.0,SPb,2909899.258242639,-0.14887409635798757,3176.5934066701298,0.6348652003298055,189259.8736662101,0.9049469802285389,1624.373626406727,0.5027364967892923
2023-05-20,3704.0,173.0,4153.0,1029.0,SPb,2759519.5164844017,-0.14806737441915443,1989.1868132636203,0.49029263777003435,170796.87916073954,0.8795170951939384,2164.131868164961,0.6274397537632688
2023-05-21,2859.0,177.0,4153.0,957.0,SPb,2780825.186814075,-0.139648766130741,1035.7582418351174,0.22088167053347185,147986.18135856444,0.8098199647605683,3638.3351648682456,0.9920907034073065
2023-05-22,1645.0,142.0,4153.0,974.0,SPb,2725723.296704184,-0.21771845350920396,625.3626374395818,0.029421230488603962,109424.00003990758,0.7092029582024162,4802.071428604498,0.9519778415402721
2023-05-23,3872.0,94.0,4153.0,979.0,SPb,2563340.7692316496,-0.28719263734469114,1083.7857143627252,0.7382020256771239,64074.2198201513,0.48907921855691194,5686.642857175908,0.9207896700514355
2023-05-24,4739.0,94.0,4153.0,952.0,SPb,2514307.3021986736,-0.23413170687952808,1605.956044033095,0.8457794867867405,17488.439600393413,0.21198174873473463,6693.142857175884,0.9108359740877604
2023-05-25,5124.0,104.0,4153.0,948.0,SPb,2529915.956044827,-0.019061043692185597,1949.8021978792826,0.833652662839226,1220.681358647827,-0.14507872488938364,6708.439560472561,0.8672131282743749
2023-05-26,5985.0,102.0,4153.0,960.0,SPb,1648114.9945063437,0.4584953234039174,2171.340659417791,0.8493006045244472,306.2857542550341,0.48434564808893715,5973.494505527481,0.9184979074123961
2023-05-27,4119.0,113.0,4153.0,938.0,SPb,1461068.989011844,0.48720120548228324,2272.989011066178,0.817233112789725,193.1428971110099,0.0,6258.1813187142725,0.951420590616299
2023-05-28,3127.0,107.0,4153.0,925.0,SPb,1500679.8021986585,0.434904477629266,2315.5164835936926,0.8176633886720118,3.9966774448447933e-05,0.0,6758.373626406562,0.9182702271508573
2023-05-29,2154.0,114.0,4153.0,960.0,SPb,1537841.978022835,0.5960567783345524,2268.9505495277945,0.7082883106776843,3.9966774448447933e-05,0.0,5968.730769263686,0.7809564248181118
2023-05-30,4246.0,121.0,4153.0,986.0,SPb,1539976.5934074488,0.4714075315697178,1438.593406670712,0.8348136915073467,3.9966774448447933e-05,0.0,3995.4560439889415,0.7019029490074731
2023-05-31,4557.0,129.0,4153.0,950.0,SPb,1474151.016484374,0.4438843713932193,1247.3021978795298,0.7650540645732294,3.9966774448447933e-05,0.0,2517.8736264065037,0.6119324514220099
2023-06-01,4806.0,149.0,4153.0,926.0,SPb,1439689.3406601993,0.4347214760500355,991.6098901872422,0.6987439947629963,3.9966774448447933e-05,0.0,1534.1538461867049,0.455438749061885
2023-06-02,3841.0,109.0,4153.0,907.0,SPb,1371127.1428580056,0.44700744126598746,739.032967110356,0.5697070059510907,3.9966774448447933e-05,0.0,908.7307692636113,0.28876014487861745
2023-06-03,3715.0,83.0,4153.0,909.0,SPb,1370782.5769239394,0.43557773440999376,631.2307693082014,0.3836939465594417,3.9966774448447933e-05,0.0,598.8406593734891,0.652735410310486
2023-06-04,2639.0,81.0,4153.0,868.0,SPb,1409930.4890118525,0.32812901560108787,403.3626374401156,0.38796687870836855,3.9966774448447933e-05,0.0,1040.4175824504027,0.8814316555379744
2023-06-05,1761.0,68.0,4153.0,911.0,SPb,1370688.0714294347,0.6436432663011143,431.82417590168967,0.7730541141567737,3.9966774448447933e-05,0.0,1009.6098901427035,0.5959170246041321
2023-06-06,3738.0,54.0,4153.0,948.0,SPb,1372673.038462402,0.4869693796873452,612.92307700061,0.9150123373693506,3.9966774448447933e-05,0.0,878.2857143185242,0.5557556913125478
2023-06-07,4027.0,61.0,4153.0,942.0,SPb,1316597.1703305368,0.43827295107066283,731.3241759017247,0.8932105017127988,3.9966774448447933e-05,0.0,859.054945087754,0.5492599573153953
2023-06-08,3868.0,68.0,4153.0,943.0,SPb,1182260.3791217501,0.28907501824259857,799.7637363413025,0.8688132459772886,3.9966774448447933e-05,0.0,850.1813187141272,0.5277138365657817
2023-06-09,3827.0,73.0,4153.0,909.0,SPb,774848.9505503295,0.32186574118308825,837.846153923734,0.8519581664433261,3.9966774448447933e-05,0.0,830.2857143185175,0.5190511711169066
2023-06-10,3085.0,79.0,4153.0,907.0,SPb,768940.3791217619,0.34138903957384314,826.2637363413328,0.8420035021150631,3.9966774448447933e-05,0.0,861.4560439888436,0.5457068280574888
2023-06-11,2312.0,79.0,4153.0,901.0,SPb,866655.2967041824,0.338448478577752,820.1098901875,0.8255390421571389,3.9966774448447933e-05,0.0,913.4120879448845,0.5834628023037971
2023-06-12,1609.0,63.0,4153.0,930.0,SPb,998188.9505503383,0.718025895724762,822.071428649063,0.8064225369318421,3.9966774448447933e-05,0.0,821.7637362965293,0.38652031274803605
2023-06-13,7088.0,43.0,4153.0,972.0,SPb,1931551.719781097,-0.06821377355597932,847.785714363386,0.7800583641720485,3.9966774448447933e-05,0.0,702.3791209119122,0.4015096377332872
2023-06-14,8211.0,42.0,4153.0,979.0,SPb,3404234.181319545,0.5916628167424363,750.7472528249662,0.5760731134184032,3.9966774448447933e-05,0.0,882.5934066262016,0.6519760479034108
2023-06-15,15164.0,53.0,4153.0,936.0,SPb,12519729.478022804,1.4768009831822533,318.2197802975397,0.5786212085199332,3.9966774448447933e-05,0.0,891.0549450877414,0.5273017405525481
2023-06-16,3893.0,61.0,4153.0,1391.0,SPb,12513573.478022804,0.33807357883540745,182.1318682096507,0.6446748658876159,3.9966774448447933e-05,0.0,16219.49450552737,0.8667673923486527
2023-06-17,3595.0,68.0,4153.0,909.0,SPb,12531648.642857969,0.33163898233949907,156.33516491295458,0.5772963472384592,3.9966774448447933e-05,0.0,16219.49450552737,-0.0925827993843301
2023-06-18,2516.0,74.0,4153.0,887.0,SPb,12570401.076923905,0.31428682546578435,141.29670337449642,0.6557561063180116,3.9966774448447933e-05,0.0,15975.104395637261,-0.1000273889830627
2023-06-19,8749.0,77.0,4153.0,883.0,SPb,12983691.362638164,0.24175046191809352,153.60989018767893,0.7306941615709865,3.9966774448447933e-05,0.0,16249.873626406488,-0.07140711886244418
2023-06-20,3622.0,41.0,4153.0,921.0,SPb,13009318.439561244,0.17956524108360342,185.53846161625657,0.525508543528547,3.9966774448447933e-05,0.0,16350.901098933957,-0.055825490364697195
2023-06-21,3939.0,40.0,4153.0,918.0,SPb,13024558.879121682,0.18090097645229228,223.5000000778051,0.6300638977609614,3.9966774448447933e-05,0.0,16450.59340662626,-0.04943760050612458
2023-06-22,3903.0,48.0,4153.0,910.0,SPb,13017982.532967836,0.17994565839812046,232.07142864924327,0.5965034965014109,3.9966774448447933e-05,0.0,16595.104395637245,-0.04366727963676635
2023-06-23,3903.0,48.0,4153.0,910.0,SPb,13003416.423077725,0.17283387548698229,226.9890110668377,0.5468275488050139,3.9966774448447933e-05,0.0,16588.28571431856,-0.04458539768888015
2023-06-24,3148.0,59.0,4153.0,875.0,SPb,12984039.076923879,0.1541929262481382,191.82417590201214,0.41531186251919416,3.9966774448447933e-05,0.0,16892.109890142732,-0.039655106499769846
2023-06-25,2412.0,61.0,4153.0,855.0,SPb,12941584.131868936,0.1279555597823242,153.64835172619658,0.4420834311631263,3.9966774448447933e-05,0.0,17401.14285717569,-0.008121783833907286
2023-06-26,1283.0,54.0,4153.0,880.0,SPb,13125523.362638166,0.2529708324315192,149.1483517262009,0.49484004127711645,3.9966774448447933e-05,0.0,17720.373626406454,0.023366615442461644
2023-06-27,2558.0,52.0,4153.0,900.0,SPb,13207113.142857965,0.2463025714498594,138.41758249542735,0.44141466356261816,3.9966774448447933e-05,0.0,17788.4175824504,0.029955567767530326
2023-06-28,3096.0,46.0,4153.0,881.0,SPb,12374632.840660183,0.027580413677995654,131.2087912866342,0.48991063706814225,3.9966774448447933e-05,0.0,17879.95604398884,0.038892898523626214
2023-06-29,3079.0,50.0,4153.0,879.0,SPb,2817854.681319569,0.029630248756585695,133.1703297481741,0.5072529465065302,3.9966774448447933e-05,0.0,18081.961538494328,0.04289655501087338
2023-06-30,2483.0,47.0,4153.0,857.0,SPb,2885395.2307701237,0.04147521150885118,135.63186820971927,0.4882374230879718,3.9966774448447933e-05,0.0,454.09340662611004,0.5234778627939957
2023-07-01,2055.0,43.0,4153.0,825.0,SPb,3020204.4615393607,0.07947294887686429,128.90109897896198,0.38645710928073645,3.9966774448447933e-05,0.0,717.1703297030191,0.8215259613764428
2023-07-02,1928.0,41.0,4153.0,825.0,SPb,3119350.307693209,0.2518444042223475,99.34615392403269,0.08759500193150922,3.9966774448447933e-05,0.0,966.5329670656457,0.8635552913189299
2023-07-03,984.0,38.0,4153.0,822.0,SPb,913109.0164844475,0.8350558055751905,48.98901106690847,0.7391491807852701,3.9966774448447933e-05,0.0,1203.4945055271735,0.8812035879707707
2023-07-04,2237.0,38.0,4153.0,849.0,SPb,862693.4945064309,0.6047163746422193,52.730769308668144,0.749215481158813,3.9966774448447933e-05,0.0,1070.5714286040838,0.7429254203481038
2023-07-05,2432.0,36.0,4153.0,825.0,SPb,724538.0274734696,0.5115313219324702,58.48901106691181,0.8990645002317975,3.9966774448447933e-05,0.0,1007.7197802524196,0.7403714722193436
2023-07-06,2721.0,33.0,4153.0,815.0,SPb,575709.9395613861,0.35710070054265625,72.74725282516073,0.9464358039567601,3.9966774448447933e-05,0.0,976.9230769557,0.7051864619235088
2023-07-07,2371.0,37.0,4153.0,786.0,SPb,401213.45604490855,0.26711463363855603,78.247252825166,0.85987261145584,3.9966774448447933e-05,0.0,1064.131868164469,0.9192917455108409
2023-07-08,2156.0,32.0,4153.0,745.0,SPb,348484.84066029696,0.28056137914339446,73.64835172627781,0.8015633829248257,3.9966774448447933e-05,0.0,1734.1318681644464,1.126481677859394
2023-07-09,1585.0,34.0,4153.0,744.0,SPb,379406.46153942094,0.32950739668082385,52.73076930870828,0.8168389955556143,3.9966774448447933e-05,0.0,2338.532967065526,1.0170098818321738
2023-07-10,958.0,15.0,4153.0,744.0,SPb,433401.104396565,0.6710634128508024,86.37362645158404,1.0114515169346388,3.9966774448447933e-05,0.0,2632.950549483085,0.9244453665280216
2023-07-11,2110.0,28.0,4153.0,774.0,SPb,422289.7197811821,0.43276093952592193,78.46153853950761,0.6692231568458685,3.9966774448447933e-05,0.0,2239.719780252295,0.8367851916392731
2023-07-12,2596.0,35.0,4153.0,759.0,SPb,367899.6098910741,0.3043973731469686,71.8736264516008,0.5385947550659725,3.9966774448447933e-05,0.0,2011.8076923401875,0.8029122047442473
2023-07-13,3550.0,33.0,4153.0,732.0,SPb,453158.3736273361,0.4630065763122274,56.46153853952102,0.44792325531749627,3.9966774448447933e-05,0.0,1847.846153878626,0.8496879227643028
2023-07-14,2656.0,31.0,4153.0,711.0,SPb,464033.6098910717,0.438296806908891,45.208791286781434,0.3711134732861751,3.9966774448447933e-05,0.0,1932.8791209115695,0.9578178566100347
2023-07-15,3113.0,35.0,4153.0,666.0,SPb,525746.401099859,0.49036520024578867,38.52747260546658,0.26846986089105096,3.9966774448447933e-05,0.0,2700.796703329128,1.0537727149079559
2023-07-16,1879.0,32.0,4153.0,676.0,SPb,528289.8241767823,0.3252929338477017,33.631868209866475,0.20130327579672955,3.9966774448447933e-05,0.0,3053.648351680755,0.952030851048186
2023-07-17,996.0,28.0,4153.0,700.0,SPb,525982.9230778811,0.5157457701016015,32.532967110970155,0.13687996970507485,3.9966774448447933e-05,0.0,2963.8241758565628,0.8070106511121606
2023-07-18,1611.0,26.0,4153.0,714.0,SPb,554262.9890119494,0.5046314256288831,31.60989018789896,0.1170212765926911,3.9966774448447933e-05,0.0,2248.027472559841,0.7639761153230198
2023-07-19,2037.0,24.0,4153.0,705.0,SPb,551022.6868141487,0.47461903128668204,32.79670337471787,0.16633346660903173,3.9966774448447933e-05,0.0,1748.2472527796056,0.6999168920438537
2023-07-20,2528.0,31.0,4153.0,683.0,SPb,537235.9120888746,0.46961696989876367,32.22527480329026,0.08851674640936563,3.9966774448447933e-05,0.0,1340.6428571751928,0.714573840660725
2023-07-21,2073.0,33.0,4153.0,654.0,SPb,533597.692308656,0.4585863532288881,29.104395682413045,0.06451612903050126,3.9966774448447933e-05,0.0,1330.4890110213294,0.8886405120022902
2023-07-22,1851.0,37.0,4153.0,626.0,SPb,539116.1813196462,0.46271114546303427,32.59340667142165,0.10247422680137701,3.9966774448447933e-05,0.0,1788.8351648674675,0.9723820211997509
2023-07-23,1719.0,42.0,4153.0,613.0,SPb,529571.2582427226,0.39696255076893083,41.91208799009916,0.4583018867812115,3.9966774448447933e-05,0.0,2254.5329670652523,0.9762641643054997
2023-07-24,892.0,36.0,4153.0,612.0,SPb,541678.9945064591,0.5866006078262395,22.64285722085838,0.5791505791298153,3.9966774448447933e-05,0.0,2543.1923077245747,0.8783128950041882
2023-07-25,6032.0,28.0,4153.0,645.0,SPb,1637339.2582427082,-0.22769288967777987,22.64285722085838,0.5704304080284638,3.9966774448447933e-05,0.0,2015.1428571751069,0.7532549038908162
2023-07-26,6315.0,34.0,4153.0,661.0,SPb,2740145.362638299,0.5892084897171357,22.285714363716004,0.5104895104716612,3.9966774448447933e-05,0.0,1484.2197802520172,0.7260017966565562
2023-07-27,6134.0,39.0,4153.0,661.0,SPb,3570546.417583344,0.7373674549537919,25.648351726350498,0.5548455803854817,3.9966774448447933e-05,0.0,1181.1043956366234,0.721356650235944
2023-07-28,12507.0,41.0,4153.0,651.0,SPb,10215045.917583307,1.2349380725448837,30.373626451620446,0.6548837209104338,3.9966774448447933e-05,0.0,1024.8406593728791,0.8276179704528316
2023-07-29,28874.0,38.0,4153.0,645.0,SPb,55888874.28571507,2.1282359122573005,31.807692385684945,0.6555380989620543,3.9966774448447933e-05,0.0,1043.18681321903,0.8292438976440003
2023-07-30,28874.0,38.0,4153.0,645.0,SPb,93363125.63186882,1.1264564587809012,32.994505572495264,0.6493263472895936,3.9966774448447933e-05,0.0,1037.5659340981467,0.7933651043347573
2023-07-31,774.0,34.0,4153.0,635.0,SPb,93582544.57692377,0.5238055827946102,30.093406671393495,0.5420928402693798,3.9966774448447933e-05,0.0,921.4945055267096,0.6975361819428865
2023-08-01,1747.0,35.0,4153.0,668.0,SPb,93464802.95055015,0.5246720899082621,24.307692385674905,0.35759493669754444,3.9966774448447933e-05,0.0,644.9890110212093,0.5197113086696536
2023-08-02,1809.0,38.0,4153.0,648.0,SPb,93653519.3021985,0.5280652523152117,14.615384693360523,0.2895608947648538,3.9966774448447933e-05,0.0,397.2582417904327,0.39694747510803663
2023-08-03,2769.0,39.0,4153.0,658.0,SPb,93480924.9010996,0.5245050183311619,13.032967110939122,0.2438679245133477,3.9966774448447933e-05,0.0,300.4175824497701,0.45737881805985503
2023-08-04,1964.0,36.0,4153.0,657.0,SPb,93569629.93956114,0.5238348686577785,12.027472605443183,0.24752964425287616,3.9966774448447933e-05,0.0,305.47802201021017,0.5433236340108586
2023-08-05,2328.0,32.0,4153.0,635.0,SPb,93185689.4945062,0.5208812261775887,13.648351726324693,0.262303149589518,3.9966774448447933e-05,0.0,285.4505494827389,0.3567579127449451
2023-08-06,2190.0,34.0,4153.0,608.0,SPb,92794342.84066004,0.5144073485674961,11.362637440614233,0.34027777775414736,3.9966774448447933e-05,0.0,312.07142860361716,0.2114835948636623
2023-08-07,1291.0,26.0,4153.0,638.0,SPb,92407937.64835235,0.5427689668129658,18.285714363695938,0.463020833301983,3.9966774448447933e-05,0.0,228.64285717504967,0.2884717784867545
2023-08-08,1895.0,19.0,4153.0,678.0,SPb,94501464.22527544,0.5531017031564432,33.961538539524426,1.1881313130663058,3.9966774448447933e-05,0.0,297.36263739483474,0.1964452274840518
2023-08-09,2101.0,26.0,4153.0,652.0,SPb,96282087.60989085,0.5612632439453245,39.14835172634143,0.7982914923110568,3.9966774448447933e-05,0.0,286.7307692629653,0.14333347139919161
2023-08-10,2385.0,33.0,4153.0,640.0,SPb,97672492.83516559,0.5710428598175835,37.03846161645419,0.6556905370707735,3.9966774448447933e-05,0.0,277.84615387834697,0.12703695699121428
2023-08-11,2024.0,41.0,4153.0,649.0,SPb,95892629.1923085,0.473348838290437,37.03846161645419,0.653691520452306,3.9966774448447933e-05,0.0,276.9010989332917,0.12351279637045158
2023-08-12,1639.0,45.0,4153.0,631.0,SPb,52141995.97802288,-0.04544014348440834,45.384615462604685,0.749665327962273,3.9966774448447933e-05,0.0,294.90109893328986,0.11345939933227625
2023-08-13,1442.0,49.0,4153.0,623.0,SPb,250901.29670429297,0.12114178444472763,60.79670337468732,0.9015578834116033,3.9966774448447933e-05,0.0,332.3736264058144,0.19306414064331107
2023-08-14,777.0,31.0,4153.0,663.0,SPb,250390.22527572155,0.3779237653722131,61.802197880183265,0.5851353983950841,3.9966774448447933e-05,0.0,348.373626405818,0.1357615894036524
2023-08-15,1895.0,38.0,4153.0,695.0,SPb,248859.80769330342,0.22200560492790766,62.642857220841165,0.5580348592154237,3.9966774448447933e-05,0.0,490.6428571750522,0.3534261774487135
2023-08-16,2105.0,32.0,4153.0,676.0,SPb,251270.09340758808,0.24671850058001693,62.24725282523965,0.5278682244714975,3.9966774448447933e-05,0.0,545.7197802519788,0.42678308690446604
2023-08-17,2303.0,39.0,4153.0,568.0,SPb,205530.40109989743,0.32521689727119907,62.24725282523965,0.5139949109349364,3.9966774448447933e-05,0.0,1016.489011021198,0.0721070717239448
2023-08-18,1965.0,46.0,4153.0,571.0,SPb,205543.1868141831,0.3020720274418838,71.91758249556452,0.5755580995921749,3.9966774448447933e-05,0.0,1369.9395604717356,0.4593426320696595
2023-08-19,1692.0,54.0,4153.0,569.0,SPb,190740.46153946008,0.2529921113379386,96.0934066713781,0.7132756612799263,3.9966774448447933e-05,0.0,1707.9175824497472,0.5898704531113004
2023-08-20,1652.0,49.0,4153.0,561.0,SPb,182114.72527572574,0.35713832031624837,106.06593414389835,0.6742658902188295,3.9966774448447933e-05,0.0,2045.9560439882016,0.717380277061016
2023-08-21,788.0,43.0,4153.0,575.0,SPb,239387.63186913414,0.5082212166923944,96.07142864938467,0.5160584853744636,3.9966774448447933e-05,0.0,2247.763736295884,0.7037839499724704
2023-08-22,1687.0,46.0,4153.0,596.0,SPb,238210.48901199203,0.3474350278450305,65.36263744058047,0.4127950543224369,3.9966774448447933e-05,0.0,2060.335164867299,0.6887498091891738
2023-08-23,2069.0,44.0,4153.0,597.0,SPb,236539.80769331084,0.2732825755491584,47.36263744057184,0.3316993463998088,3.9966774448447933e-05,0.0,1998.9890110211359,0.6880515566652377
2023-08-24,2371.0,45.0,4153.0,578.0,SPb,235174.2692317724,0.3171649665352714,40.769230847159484,0.35630670177841384,3.9966774448447933e-05,0.0,2037.8241758562904,0.6816033868035866
2023-08-25,2189.0,51.0,4153.0,589.0,SPb,244239.29670429928,0.3913777444607705,44.83516491308875,0.39142522679969494,3.9966774448447933e-05,0.0,1942.8791209112253,0.6773418018415672
2023-08-26,1984.0,53.0,4153.0,579.0,SPb,246568.99450649586,0.3848639895200257,50.989011066931056,0.4605507016071126,3.9966774448447933e-05,0.0,1940.593406625503,0.6826889422232783
2023-08-27,1669.0,10.0,4153.0,566.0,SPb,238448.13186913243,0.2652300317782591,131.34615392409262,0.039609920538749115,3.9966774448447933e-05,0.0,1996.02747255956,0.6556317487896077
2023-08-28,1029.0,48.0,4153.0,593.0,SPb,203472.7472537469,0.5116888856931578,124.52747260540312,-0.13048319937944405,3.9966774448447933e-05,0.0,1654.4890110210877,0.4315665236049497
2023-08-29,1984.0,41.0,4153.0,621.0,SPb,205145.65384715315,0.322496125132247,122.99450557243465,-0.1716504292455718,3.9966774448447933e-05,0.0,893.3461538782195,-0.027014127529565658
2023-08-30,2168.0,44.0,4153.0,628.0,SPb,208186.61538561448,0.2964349061135018,113.10439568231901,-0.22480904049234984,3.9966774448447933e-05,0.0,411.76373629579535,0.8396364300696731
2023-08-31,2923.0,63.0,4153.0,606.0,SPb,281237.60439660127,0.44898852147156637,136.576923154835,-0.22406087048903223,3.9966774448447933e-05,0.0,415.10439563646037,0.6671093606874469
2023-09-01,2523.0,89.0,4153.0,614.0,SPb,311694.5934075883,0.5001462841484551,271.9560440339353,0.2450818961767978,3.9966774448447933e-05,0.0,436.131868163939,0.6716106814873232
2023-09-02,2537.0,92.0,4153.0,622.0,SPb,334467.80769329955,0.5309738075808265,406.83516491303806,0.6339246509159039,3.9966774448447933e-05,0.0,458.5549450870228,0.6421409173642383
2023-09-03,1581.0,96.0,4153.0,615.0,SPb,338295.95604494814,0.3509778463357571,548.0934066712573,0.758204478610137,3.9966774448447933e-05,0.0,387.3461538782383,0.6210218978089094
2023-09-04,1338.0,87.0,4153.0,658.0,SPb,260359.142858133,0.4683265831906324,607.5659341437638,0.7392152540494202,3.9966774448447933e-05,0.0,579.3406593727539,0.8295167157438452
2023-09-05,1983.0,75.0,4153.0,668.0,SPb,252194.74725373634,0.42930453908951394,615.0549451327608,0.7013123672236669,3.9966774448447933e-05,0.0,856.2637362958399,0.9309903625882635
2023-09-06,2830.0,69.0,4153.0,668.0,SPb,298728.64285812917,0.41476944253075076,598.7087912865951,0.6822173982306152,3.9966774448447933e-05,0.0,1079.0164835485962,0.894221592184228
2023-09-07,2830.0,69.0,4153.0,668.0,SPb,334381.84615483077,0.5051181911596873,578.4010989788914,0.6804756227895208,3.9966774448447933e-05,0.0,1150.2252747573991,0.8928195847286797
2023-09-08,2817.0,97.0,4153.0,665.0,SPb,369991.51648449886,0.5621544704972521,642.0934066711769,0.6929151152565567,3.9966774448447933e-05,0.0,1187.8076923398262,0.8333500011105831
2023-09-09,2985.0,105.0,4153.0,654.0,SPb,414943.01648449525,0.6015147869630271,726.0934066711523,0.6557200589182567,3.9966774448447933e-05,0.0,1041.5164835486269,0.6983837022317749
2023-09-10,2985.0,105.0,4153.0,654.0,SPb,425398.70879218285,0.5209720598863684,488.59340667110695,0.8134517766482715,3.9966774448447933e-05,0.0,703.0549450870985,0.7062430613369776
2023-09-11,2985.0,105.0,4153.0,654.0,SPb,309478.8406603076,0.6280969973654078,465.1043956820688,0.7243711270182768,3.9966774448447933e-05,0.0,545.1923077244678,0.7796557605819135
2023-09-12,2633.0,148.0,4153.0,721.0,SPb,291831.0329679976,0.5922260863629045,620.9010989787213,0.8155534112414492,3.9966774448447933e-05,0.0,928.7087912409622,0.8797656012873907
2023-09-13,3992.0,151.0,4153.0,748.0,SPb,433942.6813196392,0.6875623441174287,700.2692308468023,0.9083661186509198,3.9966774448447933e-05,0.0,1557.7197802519631,0.9923334707493054
2023-09-14,5491.0,163.0,4153.0,758.0,SPb,1017301.9780229267,1.1709654403299394,899.1703297478538,1.053744373208323,3.9966774448447933e-05,0.0,1986.9945055267021,0.9808117786084982
2023-09-15,4821.0,172.0,4153.0,809.0,SPb,1288743.7582426986,0.8860313030859841,1204.2637363412211,1.050134937363978,3.9966774448447933e-05,0.0,3050.9230769552905,1.127032610399648
2023-09-16,4338.0,184.0,4153.0,694.0,SPb,1395942.8406602745,0.8046987517723726,1560.1318682093092,1.0581331137855923,3.9966774448447933e-05,0.0,2745.5164835487035,0.6007913495226055
2023-09-17,4338.0,184.0,4153.0,694.0,SPb,1288253.2087921328,0.7299953564318411,1840.5714286488283,1.0050313587764623,3.9966774448447933e-05,0.0,2302.335164867392,0.6215644548615996
2023-09-18,2303.0,179.0,4153.0,744.0,SPb,1061727.4120888326,0.5764544850688261,1943.692307769664,0.9390494882169996,3.9966774448447933e-05,0.0,2357.1483516805856,0.6088461766431215
2023-09-19,3382.0,153.0,4153.0,818.0,SPb,900680.9890119045,0.5445556978328001,1730.263736341056,0.8305777654171314,3.9966774448447933e-05,0.0,3227.4780220102693,0.7111974922280624
2023-09-20,4997.0,161.0,4153.0,819.0,SPb,1019163.5000009077,0.5030902592354702,1406.7472528245294,0.7657393850654571,3.9966774448447933e-05,0.0,3865.4945055267676,0.7460085463837546
2023-09-21,6136.0,164.0,4153.0,806.0,SPb,1390162.093407489,0.6427219751660945,996.9945055717372,0.7936267255385674,3.9966774448447933e-05,0.0,4091.4505494828254,0.7180647770109222
2023-09-22,6128.0,172.0,4153.0,812.0,SPb,1635994.7472536305,0.6943276500719398,811.1428572200532,0.7613330307149418,3.9966774448447933e-05,0.0,4135.873626405917,0.6863663638873273
2023-09-23,5160.0,186.0,4153.0,799.0,SPb,1598075.6538470292,0.6087550265178707,678.0714286485862,0.681105302463678,3.9966774448447933e-05,0.0,3679.362637394942,0.605362441927612
2023-09-24,3606.0,189.0,4153.0,799.0,SPb,1503475.5164843895,0.5059767690328616,483.3021978793157,0.4708397817047974,3.9966774448447933e-05,0.0,2991.8076923400104,0.477815608545884
2023-09-25,1858.0,213.0,4153.0,831.0,SPb,1823562.0934074705,0.5175646991867796,318.3351649122317,0.876500417224663,3.9966774448447933e-05,0.0,2275.0549450872786,0.525166958134094
2023-09-26,3429.0,241.0,4153.0,872.0,SPb,1673572.950550325,0.5160505638950368,581.4945055715286,1.15292712066574,3.9966774448447933e-05,0.0,2645.9175824499293,0.6333987491408137
2023-09-27,3429.0,241.0,4153.0,872.0,SPb,1721523.8461547224,0.5522398580761612,766.4395605165412,1.041261298556368,3.9966774448447933e-05,0.0,3020.6428571752144,0.6815769753171078
2023-09-28,6264.0,301.0,4153.0,884.0,SPb,1912501.5659349395,0.4606961955913502,1641.450549527466,1.3438558593927479,3.9966774448447933e-05,0.0,3441.5659340983016,0.7739775076084733
2023-09-29,6133.0,315.0,4153.0,859.0,SPb,2140775.1483525173,0.5393525138546789,2580.379120955971,1.1788173574931613,3.9966774448447933e-05,0.0,3660.247252779625,0.7685481484538336
2023-09-30,4561.0,310.0,4153.0,840.0,SPb,2142442.747253615,0.48630895099681865,3289.302197878989,1.0560286198733502,3.9966774448447933e-05,0.0,2636.642857175241,0.6071044305238421
2023-10-01,4561.0,310.0,4153.0,840.0,SPb,2143563.873627241,0.48095515541335954,3823.7637363404688,1.0110875576034446,3.9966774448447933e-05,0.0,1378.7967033290993,0.5368413308403017
2023-10-02,2161.0,244.0,4153.0,928.0,SPb,2191357.016484384,0.4649683183414753,3676.2637363404383,0.8407912537460445,3.9966774448447933e-05,0.0,1413.1703297027432,0.8285998444595916
2023-10-03,3109.0,217.0,4153.0,942.0,SPb,2240051.516484385,0.5301329518145974,3224.747252823925,0.8123598369950796,3.9966774448447933e-05,0.0,2065.8736264060517,0.9167257816144471
2023-10-04,4309.0,201.0,4153.0,916.0,SPb,2210157.538462409,0.46586249055542406,2895.0769231535764,0.7941828102294273,3.9966774448447933e-05,0.0,2272.131868164303,0.7905344985868433
2023-10-05,6376.0,208.0,4153.0,881.0,SPb,2280364.131869002,0.39167766062759257,2545.978022054655,0.7740201395752725,3.9966774448447933e-05,0.0,2083.807692340134,0.7032921478988189
2023-10-06,6376.0,211.0,4153.0,881.0,SPb,2352093.362638232,0.48482283022272543,2251.763736340351,0.7719879288365152,3.9966774448447933e-05,0.0,1887.8021978346453,0.6302218289828668
2023-10-07,5169.0,203.0,4153.0,878.0,SPb,2353177.961539331,0.5042511033948754,2126.1318682084748,0.7674042927220307,3.9966774448447933e-05,0.0,1501.9175824500367,0.5105489892850582
2023-10-08,2930.0,209.0,4153.0,869.0,SPb,2466471.104396476,0.39513269426221137,1988.1098901864873,0.7995827520764872,3.9966774448447933e-05,0.0,1054.2252747577352,0.45181682597756795
2023-10-09,2210.0,197.0,4153.0,931.0,SPb,2341279.0164843868,0.49480988365565703,2084.1098901864952,0.8587114484091479,3.9966774448447933e-05,0.0,1044.3351648676346,0.44482955472151214
2023-10-10,3220.0,195.0,4153.0,974.0,SPb,2374281.4945063656,0.48412696976785424,2252.439560516187,0.8687310440399822,3.9966774448447933e-05,0.0,1580.1153846478633,0.6544344088982059
2023-10-11,4747.0,192.0,4153.0,963.0,SPb,2312943.802198669,0.5242466623891174,2417.478022054672,0.8757342664688119,3.9966774448447933e-05,0.0,1884.6153846478717,0.6992831870602593
2023-10-12,5469.0,190.0,4153.0,932.0,SPb,2134702.1813195506,0.476861062372244,2198.5274726041753,0.7981418726178553,3.9966774448447933e-05,0.0,1938.417582450074,0.6342096083713891
2023-10-13,6346.0,213.0,4153.0,931.0,SPb,2195361.5384624074,0.5972331425626002,1587.6483517251033,0.663543046109554,3.9966774448447933e-05,0.0,1827.6483516808496,0.5598297408924897
2023-10-14,4454.0,207.0,4153.0,922.0,SPb,2193463.1703305393,0.5158246679111074,941.9175824943834,0.373917871835336,3.9966774448447933e-05,0.0,1455.4945055270107,0.4162563788526062
2023-10-15,3479.0,221.0,4153.0,922.0,SPb,2248347.91758329,0.5282914460394159,194.21978029662387,0.3035384818120894,3.9966774448447933e-05,0.0,1009.4505494830612,0.6524921698119298
2023-10-16,1953.0,196.0,4153.0,975.0,SPb,2320240.489011862,0.5937306125029099,90.83516491203137,0.08429464906108698,3.9966774448447933e-05,0.0,1230.2472527797681,0.6539927094265161
2023-10-17,3098.0,205.0,4153.0,976.0,SPb,2322258.263737137,0.6087245238872573,77.6483517252239,0.11178178483996554,3.9966774448447933e-05,0.0,1414.0714286039465,0.7434054059383584
2023-10-18,4440.0,216.0,4153.0,1037.0,SPb,2323757.565934939,0.5708147301618723,88.11538469224973,0.14072085889430266,3.9966774448447933e-05,0.0,2290.989011021538,0.9150008829979945
2023-10-19,6163.0,199.0,4153.0,998.0,SPb,2259126.1098909834,0.5022234198022708,89.05494513181449,0.047758152173491296,3.9966774448447933e-05,0.0,2319.917582450118,0.7276253754225277
2023-10-20,4671.0,239.0,4153.0,1004.0,SPb,1919484.4890118686,0.47069206666112834,175.82417590103188,-0.08823939732062844,3.9966774448447933e-05,0.0,2244.9010989336434,0.6848050610560864
2023-10-21,4563.0,257.0,4153.0,1005.0,SPb,1852371.6538470355,0.550501516537994,360.3736264504566,0.6975337837807203,3.9966774448447933e-05,0.0,1973.4560439885968,0.5687702000168026
2023-10-22,3271.0,276.0,4153.0,1026.0,SPb,1798012.1318690127,0.45394613858574817,673.6538462306441,1.004745796109258,3.9966774448447933e-05,0.0,1537.8241758567394,0.7211083660138419
2023-10-23,1351.0,298.0,4153.0,1083.0,SPb,2106945.34615473,0.5696822034599919,1130.3736264503757,1.0982292807580978,3.9966774448447933e-05,0.0,2249.3846154171897,0.9695363457092762
2023-10-24,3561.0,329.0,4153.0,1090.0,SPb,2069740.7472536298,0.4976072789174408,1862.2197802964645,1.159885551418175,3.9966774448447933e-05,0.0,3067.758241790825,0.9704469347392851
2023-10-25,6339.0,326.0,4153.0,1064.0,SPb,2406335.0329679106,0.42014155835678424,2334.901098977718,1.0183686559215976,3.9966774448447933e-05,0.0,3372.4230769556693,0.8579349957086786
2023-10-26,6339.0,326.0,4153.0,1064.0,SPb,2626827.450550325,0.4401004634981949,2591.9560440325968,1.0091074477936448,3.9966774448447933e-05,0.0,3286.8406593732625,0.8224784065143154
2023-10-27,5847.0,351.0,4153.0,1058.0,SPb,2486600.2252756017,0.5445188304979046,3154.571428647914,1.0260926943321587,3.9966774448447933e-05,0.0,2955.3846154172297,0.7435230977915415
2023-10-28,5257.0,359.0,4153.0,1070.0,SPb,2557603.95604483,0.5550623635419167,3555.450549526962,1.019551543318505,3.9966774448447933e-05,0.0,2379.6483516809794,0.6411554306515841
2023-10-29,2934.0,382.0,4153.0,1118.0,SPb,2648448.269231645,0.44551689045495146,4161.412087988423,0.9965833731230136,3.9966774448447933e-05,0.0,1970.4175824502263,0.7708657876559808
2023-10-30,1925.0,391.0,4153.0,1113.0,SPb,2658487.346154722,0.5213237091103468,4273.912087988329,0.975300836017813,3.9966774448447933e-05,0.0,1938.571428604084,0.701964033048792
2023-10-31,3307.0,392.0,4153.0,1175.0,SPb,2623971.3406602154,0.5318267693307906,4133.148351724503,0.9435859262565586,3.9966774448447933e-05,0.0,2488.5549450876197,1.0372104741180865
2023-11-01,5003.0,401.0,4153.0,1181.0,SPb,2660173.478022851,0.486161004395606,3900.3736264496893,0.8629853291795964,3.9966774448447933e-05,0.0,3357.302197834889,0.9600115159023763
2023-11-02,5949.0,407.0,4153.0,1211.0,SPb,2602887.324176698,0.5511818066508094,3013.516483592446,0.8992607912285746,3.9966774448447933e-05,0.0,4077.0549450876647,0.9910078178528379
2023-11-03,5526.0,439.0,4153.0,1236.0,SPb,2702804.87912175,0.5644832029599026,2820.109890185755,0.9397697982637413,3.9966774448447933e-05,0.0,4846.989011021763,0.9848325340859906
2023-11-04,4364.0,503.0,4153.0,1223.0,SPb,2699707.25824263,0.5487142027126976,3531.0769231526656,1.1025304635264264,3.9966774448447933e-05,0.0,4830.219780252563,0.9216090760787189
2023-11-05,3532.0,547.0,4153.0,1200.0,SPb,2661037.6703305417,0.46467984575970206,4857.785714361323,1.180017672624864,3.9966774448447933e-05,0.0,4415.296703329512,0.9377565497570015
2023-11-06,1911.0,553.0,4153.0,1265.0,SPb,2423006.901099771,0.6145934032379796,5918.417582493066,1.1058810998123279,3.9966774448447933e-05,0.0,5333.296703329536,1.0006391588498385
2023-11-07,1685.0,496.0,4153.0,1326.0,SPb,2920538.593407469,0.7845600060176545,5891.807692383095,0.9100367264034844,3.9966774448447933e-05,0.0,7216.109890142752,1.0448195494526278
2023-11-08,3593.0,441.0,4153.0,1333.0,SPb,2589238.219781103,0.6128141547492317,5182.219780295127,0.8160339118126765,3.9966774448447933e-05,0.0,8222.642857175751,0.9848309426133268
2023-11-09,3593.0,441.0,4153.0,1333.0,SPb,2175075.032967924,0.5629422700591461,4327.302197877489,0.8108129923358988,3.9966774448447933e-05,0.0,8434.00000003293,0.9169090789789247
2023-11-10,6677.0,526.0,4153.0,1291.0,SPb,2474486.131869021,0.5067854028361428,4228.26373633894,0.7802910837744728,3.9966774448447933e-05,0.0,7114.093406626364,0.8099648451452477
2023-11-11,5634.0,588.0,4153.0,1256.0,SPb,2560626.4890118768,0.6128927552912627,4823.41208798718,0.8662406324465614,3.9966774448447933e-05,0.0,5303.148351681331,0.7857287517719771
2023-11-12,4923.0,601.0,4153.0,1268.0,SPb,2525032.131869014,0.547028460420207,5459.956044031029,0.8708815808498888,3.9966774448447933e-05,0.0,4258.093406626403,0.6973072294575509
2023-11-13,2652.0,667.0,4153.0,1306.0,SPb,2317745.258242638,0.5143179617217314,7103.824175899025,0.9529298146940631,3.9966774448447933e-05,0.0,3039.6483516813696,0.752704546967375
2023-11-14,3751.0,710.0,4153.0,1292.0,SPb,2273028.115385494,0.5352763839995852,9036.285714360409,0.9888707564875139,3.9966774448447933e-05,0.0,2533.719780252811,0.6732006937772949
2023-11-15,5834.0,796.0,4153.0,1291.0,SPb,2425078.285715162,0.4671031048043897,12775.763736338236,1.0772882044563856,3.9966774448447933e-05,0.0,1963.1703297033732,0.6527088332445403
2023-11-16,7296.0,820.0,4153.0,1330.0,SPb,2904928.532967905,0.5741813208938515,15805.186813261109,1.0471739009435654,3.9966774448447933e-05,0.0,1827.8241758572328,0.6681235957488246
2023-11-17,6435.0,899.0,4153.0,1301.0,SPb,3127698.461539331,0.6279764977114728,20900.5714286455,1.1273973198709937,3.9966774448447933e-05,0.0,1668.1813187143825,0.5492056439763253
2023-11-18,5932.0,978.0,4153.0,1297.0,SPb,3289805.5384624037,0.6337308869816102,28946.862637436483,1.1488356000968178,3.9966774448447933e-05,0.0,1333.1483516814237,0.32023630657603686
2023-11-19,4037.0,964.0,4153.0,1315.0,SPb,3230329.302198666,0.5301742249141669,34929.20879128244,1.055609976640767,3.9966774448447933e-05,0.0,648.8351648682474,0.25860516591291083
2023-11-20,2824.0,1013.0,4153.0,1355.0,SPb,2916653.6043964666,0.4274823786851282,41258.00000007343,1.030394515757608,3.9966774448447933e-05,0.0,738.8351648682534,0.510149422046081
2023-11-21,4106.0,1114.0,4153.0,1419.0,SPb,2237190.642857998,0.427725948426767,48191.82417589732,1.0184819989329266,3.9966774448447933e-05,0.0,1632.5549450880392,0.9456943237269928
2023-11-22,5574.0,1174.0,4153.0,1346.0,SPb,2147751.7582426076,0.3626272954600654,51256.73076930359,0.9890703821843984,3.9966774448447933e-05,0.0,1683.9120879451834,0.5727060998148816
2023-11-23,8535.0,1170.0,4153.0,1426.0,SPb,2862278.065934901,0.5458203976573096,48224.57142864392,0.9714370644587574,3.9966774448447933e-05,0.0,2569.456043989147,0.7487539241552881
2023-11-24,7673.0,1189.0,4153.0,1439.0,SPb,3144025.670330502,0.619494816261668,45700.07142864361,0.9622111641293455,3.9966774448447933e-05,0.0,3452.57692311004,0.796560571783353
2023-11-25,5388.0,1157.0,4153.0,1468.0,SPb,3138427.142857976,0.5390608269900586,40994.879120951045,0.8953134422241809,3.9966774448447933e-05,0.0,4200.4010989342405,0.8644839402636736
2023-11-26,5894.0,1193.0,4153.0,1499.0,SPb,3141345.478022808,0.5104169027927399,34554.439560511215,0.8926664586606986,3.9966774448447933e-05,0.0,5217.054945088112,0.9679920164546293
2023-11-27,2982.0,1185.0,4153.0,1563.0,SPb,3008409.8736272026,0.4425323342507878,28070.901098972514,0.8483288877872227,3.9966774448447933e-05,0.0,7675.500000033194,1.0490174265042007
2023-11-28,4490.0,1259.0,4153.0,1605.0,SPb,2854572.0000008265,0.49158445266568546,22921.7637363349,0.8860686734411245,3.9966774448447933e-05,0.0,10363.51648354971,1.0520018295110474
2023-11-29,7316.0,1303.0,4153.0,1616.0,SPb,3087604.2857151083,0.41185808118258166,20294.835164906086,0.8579704256995482,3.9966774448447933e-05,0.0,12265.302197835463,1.0331627593571155
2023-11-30,10934.0,1395.0,4153.0,1603.0,SPb,4978924.527473341,0.6349370437446343,19027.939560510204,0.9513178452140696,3.9966774448447933e-05,0.0,13511.802197835494,0.9486299252517247
2023-12-01,9491.0,1439.0,4153.0,1617.0,SPb,5913657.538462343,0.6558474730915556,19639.14835171873,1.0183922427012893,3.9966774448447933e-05,0.0,13567.362637395978,0.9131129141038852
2023-12-02,8002.0,1621.0,4153.0,1600.0,SPb,6171315.6703304695,0.6292169914472152,29096.901098971175,1.1331867029158302,3.9966774448447933e-05,0.0,12100.642857176243,0.8608113864601484
2023-12-03,8014.0,1813.0,4153.0,1606.0,SPb,5958152.84066013,0.5661872926785697,46249.50000006969,1.265121661381476,3.9966774448447933e-05,0.0,10279.494505527935,0.8531877945918441
2023-12-04,3542.0,2005.0,4153.0,1659.0,SPb,5587159.873627161,0.4431548710245215,74646.86263743188,1.3038388395538927,3.9966774448447933e-05,0.0,9557.91208794557,0.9263502220180914
2023-12-05,6148.0,2158.0,4153.0,1707.0,SPb,5111800.225275507,0.4029950000532798,113251.91758248632,1.2304450983558073,3.9966774448447933e-05,0.0,10418.747252780791,0.8575078712397036
2023-12-06,8980.0,2186.0,4153.0,1801.0,SPb,5343557.939561212,0.4203579883309871,146091.87362644187,1.1092480406800485,3.9966774448447933e-05,0.0,10656.247252780884,1.0570730787330633
2023-12-07,13825.0,1767.0,4153.0,1815.0,SPb,8627194.642857902,0.6126807408303168,140761.51648358445,0.8908801236318841,3.9966774448447933e-05,0.0,11868.13186816558,0.9939975182245805
2023-12-08,12380.0,2105.0,4153.0,1821.0,SPb,10455088.263737012,0.6665122335712395,150122.83516490264,0.90104125399496,3.9966774448447933e-05,0.0,11998.263736297526,0.9592067064907119
2023-12-09,11683.0,2243.0,4153.0,1901.0,SPb,11075145.763736995,0.6697181981069811,158130.59340666034,0.9098123237052874,3.9966774448447933e-05,0.0,13837.324175858053,1.0368711495297993
2023-12-10,9021.0,2264.0,4153.0,1958.0,SPb,10702671.956044681,0.5555029547687603,158030.55494512134,0.869130720960504,3.9966774448447933e-05,0.0,16644.28571431969,1.1108083868242047
2023-12-11,4301.0,1767.0,4153.0,2081.0,SPb,9738983.016484238,0.473323861481889,130081.76373632987,0.7029249600372576,3.9966774448447933e-05,0.0,24482.593406627493,1.2082572469782227
2023-12-12,4301.0,1767.0,4153.0,2081.0,SPb,9856319.824176546,0.5905847343830865,105535.8736264395,0.6370214217327604,3.9966774448447933e-05,0.0,30623.516483550666,1.0829681868255738
2023-12-13,12019.0,1770.0,4153.0,2094.0,SPb,10634407.917583127,0.417824012154293,82157.648351714,0.5652617486177036,3.9966774448447933e-05,0.0,35167.14285717714,1.0260586163666943
2023-12-14,15303.0,1751.0,4153.0,2129.0,SPb,13459062.439561136,0.5547662015091774,64725.384615450086,0.4561064018914899,3.9966774448447933e-05,0.0,38155.516483550884,1.0087779105693366
2023-12-15,15303.0,1751.0,4153.0,2129.0,SPb,16246395.45055013,0.6497682491001484,49358.52747259279,0.4079832495727638,3.9966774448447933e-05,0.0,38695.64835168286,0.952614556749781
2023-12-16,12722.0,1784.0,4153.0,2091.0,SPb,16759163.80219847,0.6168617965564342,43600.686813252054,0.43649542405638114,3.9966774448447933e-05,0.0,34430.423076957675,0.8823448252902986
2023-12-17,12722.0,1784.0,4153.0,2091.0,SPb,17031089.604396258,0.5780812666453335,44218.131868197124,0.49226659073209567,3.9966774448447933e-05,0.0,27840.2857143204,0.8562241294321563
2023-12-18,7074.0,1405.0,4153.0,2282.0,SPb,14325655.230769875,0.48382464318739915,63550.00000006554,0.5807075785444381,3.9966774448447933e-05,0.0,27275.478022012816,0.9014166779993684
2023-12-19,7246.0,1075.0,4153.0,2397.0,SPb,13691312.87912152,0.5342120947003269,103174.70879127487,0.8185807846834919,3.9966774448447933e-05,0.0,30323.60989014481,1.0291469642076396
2023-12-20,11042.0,1158.0,4153.0,2399.0,SPb,13515544.373627009,0.5286940537821002,120085.8736264402,0.8968633734599268,3.9966774448447933e-05,0.0,33149.324175859205,0.9535035581347469
2023-12-21,17127.0,1247.0,4153.0,2445.0,SPb,15912977.802198429,0.5483433022306854,137417.30219786902,0.8638371299254323,3.9966774448447933e-05,0.0,34783.17032970548,0.9240342137211562
2023-12-22,13482.0,1335.0,4153.0,2456.0,SPb,16254948.989011614,0.5194667709698728,132391.14835171556,0.77317096323903,3.9966774448447933e-05,0.0,32846.76923080451,0.9240994810292954
2023-12-23,11751.0,1431.0,4153.0,2394.0,SPb,16262913.208791833,0.5213749157424127,105416.68681325443,0.6507646254879851,3.9966774448447933e-05,0.0,28970.489011024383,0.8585727103871216
2023-12-24,8173.0,1270.0,4153.0,2363.0,SPb,16567000.417583046,0.4522551996086669,73237.3021978703,0.8360450152715254,3.9966774448447933e-05,0.0,24597.82417585964,0.8892281469995934
2023-12-25,4962.0,1136.0,4153.0,2457.0,SPb,15927388.489011616,0.38065719020926614,77803.38461545305,0.8502050063952742,3.9966774448447933e-05,0.0,25201.076923112476,0.8968544104605397
2023-12-26,6283.0,952.0,4153.0,2480.0,SPb,14182139.478022598,0.6379425338780567,88761.10439567322,0.8848272516186576,3.9966774448447933e-05,0.0,24848.115384651017,0.8811271292614271
2023-12-27,6283.0,952.0,4153.0,2480.0,SPb,15709239.170330305,0.6533575997183139,92230.86263743184,0.8527371146464242,3.9966774448447933e-05,0.0,23227.76373629945,0.8630401350233149
2023-12-28,11297.0,785.0,4153.0,2285.0,SPb,14004267.961539106,0.502740002424592,100680.70879127845,0.8680986050368237,3.9966774448447933e-05,0.0,20188.335164870914,0.7143315295429726
2023-12-29,8786.0,867.0,4153.0,2155.0,SPb,12112583.384616045,0.48167002608175685,93851.56593413599,0.7565129731136014,3.9966774448447933e-05,0.0,19395.763736299486,0.6491020232223466
2023-12-30,8786.0,867.0,4153.0,2155.0,SPb,11525470.593407264,0.4492323853310173,75365.45054952103,0.6301890411838721,3.9966774448447933e-05,0.0,17226.09340662917,0.5903182005873846
2023-12-31,8786.0,867.0,4153.0,2155.0,SPb,10768114.989011668,0.5376646426437881,47638.79670336761,0.7540057916113363,3.9966774448447933e-05,0.0,15011.412087947874,0.8465644541700392
2024-01-01,8786.0,867.0,4153.0,2155.0,SPb,10374656.000000674,0.520961147228753,42755.41208798325,0.9013706813323561,3.9966774448447933e-05,0.0,17496.285714321475,0.9135450346793575
2024-01-02,508.0,182.0,4153.0,1645.0,SPb,15938540.989011677,0.6279227085756974,97351.07692314849,1.1331418499938033,3.9966774448447933e-05,0.0,51427.18681322243,1.3198601396680438
2024-01-03,508.0,182.0,4153.0,1645.0,SPb,20561346.37362708,0.6543805706396799,140766.98901106103,0.9878429598598758,3.9966774448447933e-05,0.0,79093.18681322227,1.0342196474781806
2024-01-04,2.0,188.0,4153.0,1685.0,SPb,18124797.609890852,0.7100801380697999,168295.17032974286,0.9201487954422195,3.9966774448447933e-05,0.0,95629.45054948583,0.9467295925254909
2024-01-05,2160.0,288.0,4153.0,1746.0,SPb,16039310.093407355,0.6386335500487978,168254.9010989741,0.8184390160745494,3.9966774448447933e-05,0.0,101410.87912091427,0.9066856663352559
2024-01-06,2816.0,217.0,4153.0,1783.0,SPb,14137873.362638144,0.6748590640816293,150791.9780220516,0.8219628748721891,3.9966774448447933e-05,0.0,103126.37912091416,0.8831756057073848
2024-01-07,3258.0,200.0,4153.0,1746.0,SPb,13903546.686813978,0.7085370782761864,136623.29670337078,0.8114837466524262,3.9966774448447933e-05,0.0,103923.05494508985,0.8498477225929048
2024-01-08,2024.0,239.0,4153.0,1736.0,SPb,14641275.258242555,0.729653880677494,121605.93956051407,0.8118096661535815,3.9966774448447933e-05,0.0,94894.70879124355,0.7978860323988731
2024-01-09,1716.0,151.0,4153.0,1800.0,SPb,15243843.230770035,0.7383857955499967,117482.10989018477,0.7912269693466637,3.9966774448447933e-05,0.0,76594.48901102364,0.7005884591275828
2024-01-10,4470.0,169.0,4153.0,1826.0,SPb,15035417.961539268,0.6551827833993753,105552.11538469064,0.7958764006874901,3.9966774448447933e-05,0.0,52892.37912091361,0.6826042321674377
2024-01-11,4470.0,169.0,4153.0,1826.0,SPb,11293359.208792029,0.6401274000817055,99344.73076930632,0.7377626675380805,3.9966774448447933e-05,0.0,40335.450549484936,0.6594126419639659
2024-01-12,7123.0,221.0,4153.0,1697.0,SPb,10286083.763737086,0.575348325608366,81696.86263743848,0.6443597242132345,3.9966774448447933e-05,0.0,34623.03296706726,0.5716304940436006
2024-01-13,7123.0,221.0,4153.0,1697.0,SPb,9248417.450550277,0.5174251651124628,59463.10439568052,0.4730088772569287,3.9966774448447933e-05,0.0,26605.516483550695,0.400744670162763
2024-01-14,4533.0,329.0,4153.0,1625.0,SPb,7303744.884616218,0.3382944603835625,32976.950549526926,-0.03846561934737825,3.9966774448447933e-05,0.0,17385.84615388028,-0.024155548171719072
2024-01-15,2205.0,378.0,4153.0,1658.0,SPb,5081355.648352494,0.6940586548892879,4300.593406670007,0.7515171503955305,3.9966774448447933e-05,0.0,4674.115384649438,0.6640207084497276
2024-01-16,2652.0,407.0,4153.0,1747.0,SPb,4566135.956044799,0.6499155836277128,6467.763736340232,0.8868529572585618,3.9966774448447933e-05,0.0,4201.104395638464,0.5359799274053401
2024-01-17,4954.0,421.0,4153.0,1698.0,SPb,4124027.6703305044,0.5281631046945972,8417.846153922537,0.9085885101597996,3.9966774448447933e-05,0.0,3710.4175824516587,0.5121687842374176
2024-01-18,5845.0,452.0,4153.0,1661.0,SPb,3385722.8846162083,0.5785337676872515,10593.67032974659,1.0078475650496614,3.9966774448447933e-05,0.0,3930.901098935171,0.6009642578176291
2024-01-19,5412.0,495.0,4153.0,1613.0,SPb,3243814.1813194994,0.569338105746126,14041.016483592648,1.0530128068194906,3.9966774448447933e-05,0.0,4905.016483550533,0.6854904296454403
2024-01-20,5412.0,495.0,4153.0,1613.0,SPb,3178115.4120887253,0.5683606711054515,16411.653846229885,0.999995646506744,3.9966774448447933e-05,0.0,5383.258241792262,0.7356243777829713
2024-01-21,3891.0,392.0,4153.0,1586.0,SPb,3098326.1098909224,0.48428090693858905,15780.796703372649,0.8991918162655267,3.9966774448447933e-05,0.0,6330.950549484541,0.7924912708752189
2024-01-22,2160.0,284.0,4153.0,1626.0,SPb,3049590.285715098,0.40046941147584414,15335.494505570432,0.8141628211035047,3.9966774448447933e-05,0.0,6565.456043990013,0.716271219998731
2024-01-23,2825.0,268.0,4153.0,1689.0,SPb,2675046.8626381727,0.5564666339038075,13137.565934141807,0.7967920887602027,3.9966774448447933e-05,0.0,5582.923076957026,0.5606069925026532
2024-01-24,2825.0,268.0,4153.0,1689.0,SPb,2877282.439561253,0.5892478729704556,11297.362637438464,0.7553528395174479,3.9966774448447933e-05,0.0,3909.56593409986,0.34098821109258226
2024-01-25,2825.0,268.0,4153.0,1689.0,SPb,3049781.4780227942,0.6062174206623482,9349.456044031827,0.7771770947306543,3.9966774448447933e-05,0.0,2029.9560439899465,0.4730314937046686
2024-01-26,5252.0,375.0,4153.0,1504.0,SPb,2478704.9890118088,0.38081266537020636,7988.840659416369,0.6577698906438858,3.9966774448447933e-05,0.0,3693.785714319577,0.25528592904012065
2024-01-27,5252.0,375.0,4153.0,1504.0,SPb,1869159.917583241,0.510922014724613,6367.6098901855285,0.7460534166546496,3.9966774448447933e-05,0.0,4948.285714319532,0.6065695991578356
2024-01-28,5252.0,375.0,4153.0,1504.0,SPb,1964703.9560447778,0.5927022975890294,6214.950549526167,0.7658707867841988,3.9966774448447933e-05,0.0,6196.181318715108,0.7090006110637398
2024-01-29,3949.0,366.0,4153.0,1432.0,SPb,1685740.6153854332,0.49799148028958423,6220.093406669029,0.7647612210035447,3.9966774448447933e-05,0.0,8774.071428605166,0.8144534310358145
2024-01-30,2838.0,381.0,4153.0,1424.0,SPb,1644516.0659348837,0.6428201715723821,6137.807692383327,0.7527005301665212,3.9966774448447933e-05,0.0,9471.538461572123,0.8527332524060768
2024-01-31,2838.0,381.0,4153.0,1424.0,SPb,1716367.0549458773,0.614247091962027,5953.631868207521,0.7222902590509619,3.9966774448447933e-05,0.0,10197.186813220407,0.861403349425964
2024-02-01,2838.0,381.0,4153.0,1424.0,SPb,1527735.6318689608,0.5820918575976226,5414.109890185574,0.6339576341682532,3.9966774448447933e-05,0.0,10833.961538495072,0.8800431845283415
2024-02-02,2838.0,381.0,4153.0,1424.0,SPb,1373069.3461546807,0.5120411474293576,4054.879120954857,0.48799536658077997,3.9966774448447933e-05,0.0,11597.230769264259,0.8717347923607394
2024-02-03,4453.0,459.0,4153.0,1288.0,SPb,1177691.538462375,0.5123221046447313,3379.9780220537746,0.7022711227864084,3.9966774448447933e-05,0.0,15391.873626407034,0.9765716448487564
2024-02-04,4453.0,459.0,4153.0,1288.0,SPb,1227660.1318689673,0.5728183220189969,4093.785714361436,0.8714618188681572,3.9966774448447933e-05,0.0,18470.115384648718,0.93172269986945
2024-02-05,1933.0,398.0,4153.0,1299.0,SPb,1282123.9175832535,0.4380356244674722,3712.950549526219,0.6852966858243584,3.9966774448447933e-05,0.0,19442.13186816512,0.849845009601229
2024-02-06,2380.0,326.0,4153.0,1340.0,SPb,1349184.4395612765,0.4682415889599387,3071.7637363393787,0.5269930001546883,3.9966774448447933e-05,0.0,16391.25824179141,0.7452753999591238
2024-02-07,2380.0,326.0,4153.0,1340.0,SPb,1414068.8626382006,0.49632226588718675,2393.6098901855066,0.36477098660210294,3.9966774448447933e-05,0.0,12001.91208794517,0.5934423827268004
2024-02-08,6095.0,397.0,4153.0,1333.0,SPb,1820986.225275556,0.37287172384067485,1457.2967033722598,0.46146217523129257,3.9966774448447933e-05,0.0,6337.208791241784,0.7952192801398603
2024-02-09,6095.0,397.0,4153.0,1333.0,SPb,2064219.5164843453,0.472170452488681,1460.4395605151067,0.4618077657540515,3.9966774448447933e-05,0.0,5554.554945087896,0.7372436735387973
2024-02-10,3749.0,449.0,4153.0,1280.0,SPb,1896337.719781052,0.315542565881298,1727.9780220535342,0.48844854872630755,3.9966774448447933e-05,0.0,4956.401098933994,0.673656103334333
2024-02-11,3749.0,449.0,4153.0,1280.0,SPb,1703631.648352484,0.3267154803149647,1935.3406594161377,0.5390665094664329,3.9966774448447933e-05,0.0,3806.862637395476,0.7370887925591274
2024-02-12,1938.0,457.0,4153.0,1305.0,SPb,1888676.7967041368,0.3284330461891657,2100.840659416096,0.5918659068476747,3.9966774448447933e-05,0.0,3369.340659373467,0.6627982146163093
2024-02-13,2830.0,491.0,4153.0,1335.0,SPb,1889458.9505502905,0.3257909609274138,2594.0274726028583,0.6818322758459744,3.9966774448447933e-05,0.0,2806.489011021799,0.5537681110528616
2024-02-14,4601.0,516.0,4153.0,1366.0,SPb,1940266.2857151218,0.27562643948173193,3277.186813262136,0.7708852736105825,3.9966774448447933e-05,0.0,2254.5329670657406,0.40401334300521924
2024-02-15,6111.0,509.0,4153.0,1344.0,SPb,2324196.379121708,0.33796333196790157,3671.03296710823,0.7664975191698624,3.9966774448447933e-05,0.0,1567.939560472316,0.1069407495117028
2024-02-16,5524.0,536.0,4153.0,1315.0,SPb,2430042.489011812,0.42773559816990847,4228.862637437827,0.8961176486609659,3.9966774448447933e-05,0.0,762.4175824503121,0.528006461834255
2024-02-17,5524.0,536.0,4153.0,1315.0,SPb,2583189.604396425,0.4656219297852914,4869.824175899329,0.9057031382048034,3.9966774448447933e-05,0.0,691.6538461865821,0.47257431006928086
2024-02-18,5524.0,536.0,4153.0,1315.0,SPb,2723731.8736271923,0.5246949253974329,5445.631868206984,0.9245801682980822,3.9966774448447933e-05,0.0,612.8791209118633,0.4429115128443505
2024-02-19,2719.0,557.0,4153.0,1335.0,SPb,2496897.4560447726,0.3628979621958023,5939.230769305809,0.8714708429067859,3.9966774448447933e-05,0.0,581.2307692635196,0.5143576356509947
2024-02-20,2719.0,557.0,4153.0,1335.0,SPb,2408625.2087920243,0.33542381756380585,4881.961538536468,0.7753332145689926,3.9966774448447933e-05,0.0,570.7087912415407,0.5043954186206671
2024-02-21,4528.0,594.0,4153.0,1377.0,SPb,2118857.6483524595,0.46706934567327546,3683.3241758989757,0.9279978997533812,3.9966774448447933e-05,0.0,761.6043956371531,0.5853469105963487
2024-02-22,5942.0,514.0,4153.0,1351.0,SPb,2080810.2472535586,0.40738736370294626,2831.5384616132046,0.653646378315758,3.9966774448447933e-05,0.0,803.3406593734211,0.5495627732661506
2024-02-23,5942.0,514.0,4153.0,1351.0,SPb,2042505.6043964163,0.5732854392777083,1829.3241758988615,0.6793840778957453,3.9966774448447933e-05,0.0,841.5164835492495,0.6011289083273379
2024-02-24,2378.0,534.0,4153.0,1242.0,SPb,2311063.4120887266,0.3889051778301536,1477.648351722995,0.5757060320792096,3.9966774448447933e-05,0.0,1230.2857143184706,0.218000330888175
2024-02-25,2376.0,362.0,4153.0,1274.0,SPb,2559523.6043964224,0.4231372231199637,2987.7197802944665,0.3205014749260174,3.9966774448447933e-05,0.0,1275.450549483305,0.40006737409436854
2024-02-26,2376.0,362.0,4153.0,1274.0,SPb,2421495.8461546632,0.4606032470344969,4483.1868132615455,0.7790132901982572,3.9966774448447933e-05,0.0,1442.884615417363,0.526996716679702
2024-02-27,2662.0,387.0,4153.0,1321.0,SPb,2459463.8461546632,0.5603538037908091,5534.615384690169,0.788078406596042,3.9966774448447933e-05,0.0,1432.1153846481288,0.4316806889367753
2024-02-28,4384.0,343.0,4153.0,1304.0,SPb,2449740.5769238947,0.4824375683821168,7273.1703297452,0.8816927697917674,3.9966774448447933e-05,0.0,1291.763736296465,0.41278487120456137
2024-02-29,6025.0,379.0,4153.0,1285.0,SPb,2424898.86263818,0.46480408964897224,8073.170329745266,0.8259185328323319,3.9966774448447933e-05,0.0,1305.054945087659,0.4511335784310917
2024-03-01,4787.0,390.0,4153.0,1281.0,SPb,2312141.9120887313,0.41395900069572034,8323.456044031054,0.8095097343736888,3.9966774448447933e-05,0.0,1381.6483516810576,0.4828055283488284
2024-03-02,4787.0,390.0,4153.0,1281.0,SPb,2193416.0714293923,0.37852593042710275,8339.500000075084,0.7970817543409733,3.9966774448447933e-05,0.0,1445.5384615711603,0.506188925081151
2024-03-03,4787.0,390.0,4153.0,1281.0,SPb,2068721.3406601634,0.5024062391123314,8121.302197877355,0.7609885549404363,3.9966774448447933e-05,0.0,1496.7252747579664,0.5157675395416295
2024-03-04,1851.0,409.0,4153.0,1268.0,SPb,2297529.956044781,0.3878117803606088,7205.653846229077,0.7041389806230094,3.9966774448447933e-05,0.0,1524.335164867844,0.515726393854841
2024-03-05,2659.0,445.0,4153.0,1274.0,SPb,2309311.05494588,0.47692539794955496,6042.57692315221,0.5581166636536554,3.9966774448447933e-05,0.0,1478.4175824502502,0.407555911598341
2024-03-06,4008.0,454.0,4153.0,1274.0,SPb,2283436.7692315956,0.4078094340295478,3899.500000075357,0.5572053951726275,3.9966774448447933e-05,0.0,975.3021978348462,0.2238942993609014
2024-03-07,4864.0,379.0,4153.0,1223.0,SPb,2032096.923077752,0.30221160875295194,3238.5934066688305,0.3843447092839407,3.9966774448447933e-05,0.0,945.7637362963608,-0.09430768958112017
2024-03-08,4864.0,379.0,4153.0,1223.0,SPb,1767986.9230777547,0.552268337379637,2377.412087987579,0.04890740918674841,3.9966774448447933e-05,0.0,736.1813187139198,0.6382637714878812
2024-03-09,4864.0,379.0,4153.0,1223.0,SPb,1676278.1098909355,0.5120405257611067,903.2087912843598,0.4840742847312672,3.9966774448447933e-05,0.0,849.0329670655645,0.8216958051314642
2024-03-10,4864.0,379.0,4153.0,1223.0,SPb,1516116.527473347,0.4420824810766783,852.8626374381973,0.4498763419702482,3.9966774448447933e-05,0.0,1006.7967033292912,0.8425070477565137
2024-03-11,1086.0,298.0,4153.0,1164.0,SPb,1982543.670330493,0.2148699394572545,1424.6428572184495,0.590550588518041,3.9966774448447933e-05,0.0,1748.9945055270728,1.0191240703569087
