lambda,mse_bifurcation,pce_bifurcation
0.0,223036.0888835257,1.061176723974692e-06
0.01,222848.62518944693,8.408512209475324e-07
0.05,222994.7713573001,2.0881158017497605e-06
0.1,222973.68049628133,5.374583812075192e-07
0.5,222759.52526475445,3.539927515561203e-07
1.0,222829.41127983504,2.403522693465258e-07
